name,lat,lon,observed_depth_cm,predicted_depth_cm,classical_depth_cm,nearest_volcano,dist_nearest_km
Patung Jenderal Achmad Yani,-7.8483429,112.3722245,213.27458455054054,1451.3,238.5,Kelud,11.5
Situs Candi Ganter,-7.8271272,112.3939101,182.55534455904368,1451.3,238.5,Kelud,14.8
Situs Waturejo,-7.8271212,112.3939124,182.54957459674822,1451.3,238.5,Kelud,14.8
Candi Sirah Kencong,-7.9800031,112.4278234,188.83100931439668,1292.4,189.7,Kelud,14.3
Candi Sirah Kencong,-7.9800031,112.4278234,188.83100931439668,1292.4,189.7,Kelud,14.3
Situs Watu Gilang Pujon,-7.8289325,112.4220203,166.73377896471032,1247.3,178.8,Kelud,16.9
Pura Luhur Ponten,-7.933333333,112.954166666,98.21079915133109,1242.9,1.5,Bromo,1.1
Pura,-7.933435,112.9541927,98.2657801102894,1242.9,1.5,Bromo,1.1
Candi Gambar Wetan,-7.9680444,112.2388364,242.07726115215303,1196.3,168.2,Kelud,8.7
Candi Gambar Wetan,-7.9680444,112.2388364,242.07726115215303,1196.3,168.2,Kelud,8.7
Candi Wringin Branjang,-8.0027503,112.2817723,243.86816956388526,1170.3,160.3,Kelud,8.6
Situs Gadungan,-8.0000331,112.2816472,247.12448286963854,1170.3,160.3,Kelud,8.3
Candi Wringin Branjang,-8.0027503,112.2817723,243.86816956388526,1170.3,160.3,Kelud,8.6
Candi Songgoriti,-7.8672218,112.4927191,136.64775644748184,1130.1,145.1,Arjuno-Welirang,17.8
Florawisata Santerra de Laponte,-7.854189165,112.485567001,137.57119560710623,1130.1,145.1,Arjuno-Welirang,17.1
Situs Petirtaan Brumbung,-7.799256,112.2885931,182.30590882301343,1117.1,147.4,Kelud,14.7
Situs Dam Pipo,-7.78122,112.2578354,159.98640427986314,1117.1,147.4,Kelud,17.4
Gua Jegles,-7.7875425,112.2581013,165.16115378971395,1117.1,147.4,Kelud,16.8
Arca Warak,-8.0156967,112.227048,197.02194894715464,1025.4,124.0,Kelud,13.0
Situs Umpak Balekambang,-8.0143318,112.2227457,194.95057518919253,1025.4,124.0,Kelud,13.3
Candi Penataran,-8.0163487,112.2092507,183.80431722071683,1025.4,124.0,Kelud,14.5
Candi Penataran,-8.0164156,112.2094979,183.9400078528664,1025.4,124.0,Kelud,14.5
Tugu Buah Apel,-7.8707674,112.527441,117.84500946278499,918.9,92.4,Arjuno-Welirang,16.6
Jembatan Bok Buntung,-7.7499998,112.2788631,140.14186006898439,901.6,95.5,Kelud,20.3
Patung Mastrip,-7.7688575,112.1964505,130.62319890622618,843.3,83.5,Kelud,21.7
Tugu Garuda,-7.7588624,112.1754807,117.47775152329413,843.3,83.5,Kelud,24.0
Bundaran Wates,-7.9180332,112.1277752,142.26603092273675,830.3,80.8,Kelud,19.9
Candi Surowono,-7.7464638,112.2180204,124.92491603808979,822.8,79.0,Kelud,22.7
Situs Peninggalan Lesung Purbalingga,-7.9485617,112.5993642,92.30319664525189,770.4,59.2,Arjuno-Welirang,24.6
Watu Gilang Merjosari,-7.9467257,112.5983665,92.63240485558549,770.4,59.2,Arjuno-Welirang,24.3
Situs Watu Gong,-7.9388986,112.5975542,92.84595259415865,770.4,59.2,Arjuno-Welirang,23.5
Monumen Supriyadi,-8.0940316,112.1770672,121.87273667957255,751.8,64.7,Kelud,23.2
Candi Gedog,-8.0877749,112.1841994,127.91426407254882,751.8,64.7,Kelud,22.2
osm_12106579199,-7.976324,112.5917286,94.15360555559671,747.7,54.4,Arjuno-Welirang,27.6
Candi Karang Besuki,-7.9523146,112.5997549,92.16150281505581,747.7,54.4,Arjuno-Welirang,25.0
Candi Badut,-7.95776,112.59857,92.48869233608922,747.7,54.4,Arjuno-Welirang,25.6
Candi Badut,-7.9578365,112.5985999,92.47775279854082,747.7,54.4,Arjuno-Welirang,25.6
Candi Karang Besuki,-7.9523146,112.5997549,92.16150281505581,747.7,54.4,Arjuno-Welirang,25.0
Situs Petirtaan Sumberbeji,-7.6658053,112.2562369,89.25643508634546,732.5,61.1,Kelud,29.9
Candi Tegowangi,-7.7347204,112.1611752,101.66514024437187,725.6,60.3,Kelud,27.1
Candi Tegowangi,-7.7349327,112.161192,101.76011180722352,725.6,60.3,Kelud,27.1
osm_629408048,-7.8338111,112.564841,94.68398746681562,723.8,52.9,Arjuno-Welirang,11.7
osm_629408061,-7.8335843,112.5631048,95.29739794657455,723.8,52.9,Arjuno-Welirang,11.7
osm_818950515,-7.8322261,112.5638675,94.7562348775576,723.8,52.9,Arjuno-Welirang,11.5
Situs Candi Tondowongso,-7.7905516,112.1422892,117.60317675633921,709.5,57.5,Kelud,24.0
Situs Candi Gempur Adan-Adan,-7.769902,112.1171099,99.37513032584103,709.5,57.5,Kelud,27.6
Situs Tondowongso,-7.7905489,112.1422964,117.60544372039516,709.5,57.5,Kelud,23.9
Situs Adan-Adan,-7.769902,112.1171099,99.37513032584103,709.5,57.5,Kelud,27.6
Candi Wonorejo,-7.769902,112.1171099,99.37513032584103,709.5,57.5,Kelud,27.6
Kendalisodo,-7.7024158,112.5445359,69.900788385063,680.8,48.6,Arjuno-Welirang,4.5
Petilasan Brawijaya,-7.7041743,112.5452303,70.19324262060462,680.8,48.6,Arjuno-Welirang,4.3
Petilasan Joko Lelono,-7.7030316,112.5457665,69.78601497634436,680.8,48.6,Arjuno-Welirang,4.3
Candi Ketawanggede,-7.946843,112.6123534,88.23361179388192,654.8,37.5,Arjuno-Welirang,24.6
Petirtan Yai Beji Sari,-7.9350584,112.6127357,87.93571241742444,654.8,37.5,Arjuno-Welirang,23.3
Monumen Pesawat Terbang,-7.9369632,112.6263322,84.14130167640953,654.8,37.5,Arjuno-Welirang,23.8
Petilasan Ken Dedes,-7.9285067,112.6427369,79.79109153289782,654.8,37.5,Arjuno-Welirang,23.4
Candi Mendut,-7.9405761,112.6271802,84.0030026163717,654.8,37.5,Arjuno-Welirang,24.2
Candi Sewu,-7.940663,112.6343583,82.18333562500557,654.8,37.5,Arjuno-Welirang,24.4
Candi Bima,-7.9435133,112.6349423,82.10528417637738,654.8,37.5,Arjuno-Welirang,24.7
Candi Kalasan,-7.9423387,112.6396959,80.95007073086046,654.8,37.5,Arjuno-Welirang,24.8
Candi Sari,-7.9418671,112.6317556,82.85671599441424,654.8,37.5,Arjuno-Welirang,24.5
Candi Sawentar,-7.9403528,112.6251987,84.52289692794845,654.8,37.5,Arjuno-Welirang,24.1
Kompleks Candi Sumberawan,-7.8553516,112.6448151,73.49128533818804,645.4,37.2,Arjuno-Welirang,16.0
Monumen Juang,-7.9775432,112.6363195,81.81279585630645,643.2,34.9,Arjuno-Welirang,28.5
Monumen Panglima Besar Sudirman,-7.9671945,112.6384905,81.45896558658144,643.2,34.9,Arjuno-Welirang,27.4
Tugu PKK meneh,-7.9600822,112.6377993,81.62585383100485,643.2,34.9,Arjuno-Welirang,26.6
Monumen UM,-7.9633537,112.6192574,86.23393954580185,643.2,34.9,Arjuno-Welirang,26.5
osm_11005901019,-7.9723886,112.6218083,85.40399021630479,643.2,34.9,Arjuno-Welirang,27.6
Lumpang Makam Kebun Sareh,-7.9752299,112.605466,89.86912611445426,643.2,34.9,Arjuno-Welirang,27.6
osm_12620373893,-7.9621171,112.6236202,85.08612391460926,643.2,34.9,Arjuno-Welirang,26.5
osm_12810496485,-7.9754573,112.6260102,84.27065639972093,643.2,34.9,Arjuno-Welirang,28.0
Patung TRIP,-7.9685752,112.6234368,85.05624780915186,643.2,34.9,Arjuno-Welirang,27.2
osm_13439042335,-7.9802884,112.6304532,83.08352817043213,643.2,34.9,Arjuno-Welirang,28.6
osm_13556716977,-7.9563326,112.6133848,87.93985097652215,643.2,34.9,Arjuno-Welirang,25.6
Tugu Adipura,-7.9764602,112.6276778,83.8390586827118,643.2,34.9,Arjuno-Welirang,28.1
osm_1307406509,-7.9732491,112.6124957,87.89896473227002,643.2,34.9,Arjuno-Welirang,27.5
Kampung Tridi,-7.98175,112.63794,81.37069693853783,643.2,34.9,Arjuno-Welirang,28.9
Kediri Lagi,-7.8157932,112.0620009,88.93697885121055,641.6,46.0,Kelud,29.9
Alun-Alun Contong Kota Blitar,-8.1092582,112.1668397,110.86139278443181,640.6,45.1,Kelud,25.3
Monumen TRIP,-8.1023526,112.1706396,115.41267966643188,640.6,45.1,Kelud,24.4
osm_13279129243,-8.0652554,112.5752373,88.7287225048426,637.8,36.1,Kelud,33.0
Situs Watu Umpak Grobogon,-7.6011296,112.3480411,65.1553685571713,615.1,41.0,Arjuno-Welirang,28.8
Situs Kedaton Jombang,-7.6346011,112.2532318,75.9970970928108,599.5,38.9,Kelud,33.4
Situs Arca Totok Kerot,-7.7979459,112.0701523,88.49411478931731,594.1,38.6,Kelud,30.0
Arca Totok Kerot,-7.797946,112.0701523,88.49413715454368,594.1,38.6,Kelud,30.0
Makam Krapyak,-7.6903015,112.5481078,66.12907682734794,586.7,34.6,Arjuno-Welirang,5.2
Candi Kesiman,-7.6504231,112.5299286,59.72512703317099,586.7,34.6,Arjuno-Welirang,10.1
Makam Ki Ageng Jabung,-7.6149124,112.4143181,65.3603296316462,585.6,35.9,Arjuno-Welirang,21.8
Situs Yoni Lebak Jabung,-7.619221,112.4114903,67.01915644371854,585.6,35.9,Arjuno-Welirang,21.8
Kekunaan Jimbe,-8.1350087,112.1263146,87.58737504303751,563.5,33.7,Kelud,30.3
osm_11735205895,-7.8868875,112.6620403,72.95376927160262,560.9,23.5,Arjuno-Welirang,20.0
Candi Sumberawan,-7.85722,112.652,72.09514601115555,560.9,23.5,Arjuno-Welirang,16.6
Candi Arjuna,-7.8767471,112.6705275,70.41474022057457,560.9,23.5,Arjuno-Welirang,19.5
Candi Singosari,-7.8877437,112.6639091,72.66235320841692,560.9,23.5,Arjuno-Welirang,20.2
Punden Selomanen,-7.9038744,112.0037485,74.85656313020002,550.8,32.4,Kelud,33.6
Tugu Monas Ketawang,-7.66303,112.1173509,66.05959293388351,544.5,31.5,Kelud,36.4
osm_13152998301,-7.8061172,112.0339654,76.45278674013437,529.8,29.6,Kelud,33.2
Monumen Lokomotif C 1140,-7.8172094,112.0152007,71.56866943470915,529.8,29.6,Kelud,34.6
Monumen Pancasila,-7.8119125,112.0147936,70.71501017553078,529.8,29.6,Kelud,34.9
Watu semar,-7.6885769,112.5864062,58.3277254419648,522.3,25.3,Arjuno-Welirang,4.7
Recolanang,-7.6726034,112.5835064,55.61057541672944,522.3,25.3,Arjuno-Welirang,6.3
Candi Kidal,-8.0258439,112.7091054,71.95684540295936,517.0,12.7,Semeru,25.2
Candi Kidal,-8.0258439,112.7091054,71.95684540295936,517.0,12.7,Semeru,25.2
Taman Candi Jago,-8.005805,112.7640344,73.29612583220205,512.6,8.2,Semeru,20.8
Candi Jago,-8.0057952,112.7641342,73.30372429113484,512.6,8.2,Semeru,20.8
Candi Jago,-8.0057952,112.7641342,73.30372429113484,512.6,8.2,Semeru,20.8
Candi Bajang Ratu,-7.5677409,112.3987632,52.79746546973367,501.7,25.2,Arjuno-Welirang,26.4
Kolam Air Segaran,-7.5579138,112.3829383,51.09787276864795,501.7,25.2,Arjuno-Welirang,28.5
Patung Buddha Tidur,-7.5561301,112.3698228,51.193469932647794,501.7,25.2,Arjuno-Welirang,29.7
Pendopo Agung Trowulan,-7.5662385,112.380256,53.393508793301585,501.7,25.2,Arjuno-Welirang,28.1
Candi Menak Jinggo,-7.5583872,112.3865115,51.049128661755695,501.7,25.2,Arjuno-Welirang,28.1
Kanal Majapahit,-7.5697504,112.3981881,53.35849897097118,501.7,25.2,Arjuno-Welirang,26.3
Makam Panjang,-7.5557022,112.3856116,50.414098946940655,501.7,25.2,Arjuno-Welirang,28.4
Makam Putri Campa,-7.5559681,112.3843442,50.540039904256034,501.7,25.2,Arjuno-Welirang,28.5
Kanal Majapahit,-7.5679071,112.3919217,53.233971609876775,501.7,25.2,Arjuno-Welirang,27.0
Balong Bunder,-7.5616797,112.3821834,52.10209270926297,501.7,25.2,Arjuno-Welirang,28.2
Kolam Ngelinguk,-7.5642472,112.3770594,53.01233971850302,501.7,25.2,Arjuno-Welirang,28.5
osm_840244045,-7.5617253,112.3776899,52.32000373775492,501.7,25.2,Arjuno-Welirang,28.6
Balong Dowo,-7.5609934,112.381282,51.96611331097216,501.7,25.2,Arjuno-Welirang,28.4
osm_840616546,-7.5678305,112.3950181,53.039264992401336,501.7,25.2,Arjuno-Welirang,26.7
Candi Kedaton,-7.5704583,112.3796406,54.56067958327678,501.7,25.2,Arjuno-Welirang,27.8
Umpak SentonoRejo,-7.5702837,112.3787094,54.558390425225404,501.7,25.2,Arjuno-Welirang,27.9
Situs Lantai Segi Enam,-7.5714672,112.3798313,54.82688646419144,501.7,25.2,Arjuno-Welirang,27.7
Makam Syeh Jumadil Kubro / Makam Troloyo,-7.5761414,112.3804347,56.090696878877885,501.7,25.2,Arjuno-Welirang,27.4
Situs Siti Hinggil,-7.5503366,112.3692731,49.74683507825862,501.7,25.2,Arjuno-Welirang,30.1
Candi Kedaton,-7.5704262,112.3796414,54.55189335798971,501.7,25.2,Arjuno-Welirang,27.8
Candi Kedaton,-7.5704262,112.3796414,54.55189335798971,501.7,25.2,Arjuno-Welirang,27.8
Candi Sumur,-7.5704798,112.3798002,54.558711715738916,501.7,25.2,Arjuno-Welirang,27.8
Candi Bajang Ratu,-7.5677817,112.3986624,52.81408451469666,501.7,25.2,Arjuno-Welirang,26.4
osm_931337611,-7.6288599,112.5209454,55.94880588085657,500.9,23.9,Arjuno-Welirang,12.6
Candi Simping,-8.1640797,112.1461388,82.8815074711195,486.0,23.6,Kelud,31.5
Candi Simping,-8.1640797,112.1461388,82.8815074711195,486.0,23.6,Kelud,31.5
Candi Tikus,-7.5718035,112.4035341,53.56829440056384,485.5,23.0,Arjuno-Welirang,25.7
Kanal Majapahit,-7.5704829,112.4015133,53.34818184384771,485.5,23.0,Arjuno-Welirang,26.0
Situs Kumitir,-7.5707338,112.4117737,52.74558498636779,485.5,23.0,Arjuno-Welirang,25.2
osm_840616538,-7.5727595,112.4189578,52.761561955430054,485.5,23.0,Arjuno-Welirang,24.4
Candi Tikus,-7.5716315,112.4035216,53.52377691991083,485.5,23.0,Arjuno-Welirang,25.8
candi jawar,-8.1680934,112.8953201,87.53646562329557,484.0,2.1,Semeru,7.3
Monumen Pendidikan Ki Hadjar Dewantara,-7.5517227,112.2278104,48.88818820513203,470.9,22.1,Kelud,43.0
Monumen TRIP,-7.5568358,112.2354694,50.54622046399825,470.9,22.1,Arjuno-Welirang,42.0
osm_563730675,-7.8751671,112.8070746,60.86750262828579,469.3,6.0,Bromo,17.4
Candi jolotundo,-7.6100965,112.595732,42.41453674310681,452.6,18.1,Arjuno-Welirang,13.4
Petilasan Narotama,-7.6073212,112.5938023,42.181306340830865,452.6,18.1,Arjuno-Welirang,13.7
osm_11728687039,-7.8075946,111.9675493,56.06898415728488,439.8,18.9,Kelud,39.9
osm_11728687041,-7.8089073,111.9687751,56.52648948262124,439.8,18.9,Kelud,39.7
Situs Gua Selomangleng,-7.8072612,111.9729852,57.50473980232449,439.8,18.9,Kelud,39.3
Bundaran,-8.1022979,112.0135882,62.27000267161404,421.2,16.9,Kelud,37.7
Tugu Rantai,-8.1025155,112.0085994,60.8887107216152,421.2,16.9,Kelud,38.1
Boonpring,-8.1557317,112.7620369,64.79876846384471,418.6,4.7,Semeru,18.4
Pura Mandhara Giri Semeru Agung,-8.090833333,113.088333333,49.710484603601834,416.6,0.5,Semeru,18.4
osm_11742278876,-7.5159941,112.3945034,41.04959313010381,415.5,15.9,Arjuno-Welirang,30.9
Candi Brahu,-7.5429066,112.3743651,47.747619296211745,415.5,15.9,Arjuno-Welirang,30.3
Candi Gentong,-7.5435102,112.3780875,47.75156190439684,415.5,15.9,Arjuno-Welirang,29.9
Candi Wringin Lawang,-7.5418917,112.3909426,46.832783537880026,415.5,15.9,Arjuno-Welirang,29.1
Kanal Majapahit,-7.5221912,112.3972606,42.21776590396061,415.5,15.9,Arjuno-Welirang,30.2
Watu Ombo Petilasan Tribuawana Tungga Dewi,-7.5153984,112.3962008,40.86350968935868,415.5,15.9,Arjuno-Welirang,30.9
Reco Hayam Wuruk,-7.5125528,112.3883578,40.57664850193992,415.5,15.9,Arjuno-Welirang,31.7
Trowulan,-7.55,112.366667,49.75415874034977,415.5,15.9,Arjuno-Welirang,30.4
Candi Lawang,-7.5419685,112.3909512,46.850256627884434,415.5,15.9,Arjuno-Welirang,29.1
Candi Brahu,-7.5428461,112.3743975,47.73197980097167,415.5,15.9,Arjuno-Welirang,30.3
Candi Gentong,-7.5434943,112.3780969,47.747404481928015,415.5,15.9,Arjuno-Welirang,29.9
Gapura Wringin Lawang,-7.5420505,112.3910804,46.86353272325984,415.5,15.9,Arjuno-Welirang,29.0
Candi Gentong,-7.5434943,112.3780969,47.747404481928015,415.5,15.9,Arjuno-Welirang,29.9
Candi Jawi,-7.6624877,112.669879,41.3980226556776,408.6,12.4,Arjuno-Welirang,12.8
Candi Jawi,-7.6624877,112.669879,41.3980226556776,408.6,12.4,Arjuno-Welirang,12.8
Candi Jawi,-7.6624877,112.669879,41.3980226556776,408.6,12.4,Arjuno-Welirang,12.8
Candi Naga 1,-7.608458,112.6105279,40.44371872380937,405.7,13.2,Arjuno-Welirang,14.0
Candi Putri,-7.611832,112.6093412,41.107566758699136,405.7,13.2,Arjuno-Welirang,13.6
Candi Gentong,-7.6111708,112.6122723,40.667302074537616,405.7,13.2,Arjuno-Welirang,13.7
Cinda Yudha,-7.6085826,112.6126326,40.22540794644858,405.7,13.2,Arjuno-Welirang,14.0
Candi Bayi,-7.6139718,112.6055954,41.88501655356893,405.7,13.2,Arjuno-Welirang,13.2
Candi Pura,-7.6115047,112.6106941,40.90029856753172,405.7,13.2,Arjuno-Welirang,13.6
Canti kama 2,-7.6049058,112.6055074,40.45427312914148,405.7,13.2,Arjuno-Welirang,14.2
Candi Kendalisodo,-7.6067777,112.6076324,40.50867726775059,405.7,13.2,Arjuno-Welirang,14.1
Candi Wisnu,-7.6147858,112.613817,41.052667055678725,405.7,13.2,Arjuno-Welirang,13.4
Candi Guru,-7.6148901,112.6127009,41.19872066972384,405.7,13.2,Arjuno-Welirang,13.4
Candi Selokelir,-7.6251042,112.6080982,43.38882454607164,405.7,13.2,Arjuno-Welirang,12.1
Candi,-7.6176551,112.610255,41.92348464612649,405.7,13.2,Arjuno-Welirang,13.0
Candi Naga,-7.6138526,112.6106987,41.26866753097179,405.7,13.2,Arjuno-Welirang,13.4
Candi Lurah,-7.613422,112.6118635,41.06582027514003,405.7,13.2,Arjuno-Welirang,13.5
Candi,-7.6252159,112.6159826,42.43703612175143,405.7,13.2,Arjuno-Welirang,12.4
Candi Merak,-7.6066004,112.6133722,39.837930556224364,405.7,13.2,Arjuno-Welirang,14.3
Goa Botol,-7.6169471,112.6193855,40.74177690970246,405.7,13.2,Arjuno-Welirang,13.4
Candi Tumpak Wolu,-7.6032232,112.6158902,39.04867270552739,405.7,13.2,Arjuno-Welirang,14.7
Candi Wayang,-7.6054843,112.6217173,38.75264045248345,405.7,13.2,Arjuno-Welirang,14.7
Candi NN,-7.6047027,112.6170999,39.139059431666524,405.7,13.2,Arjuno-Welirang,14.6
Candi Gajah Mungkur,-7.604506,112.6215523,38.62597785810956,405.7,13.2,Arjuno-Welirang,14.8
Candi Griya,-7.6032082,112.6206324,38.533582365935324,405.7,13.2,Arjuno-Welirang,14.9
Candi Kerajaan,-7.6039862,112.6236257,38.32646071772683,405.7,13.2,Arjuno-Welirang,14.9
Candi Kama 4,-7.6042414,112.6206256,38.6870284580768,405.7,13.2,Arjuno-Welirang,14.8
osm_11739728881,-7.6427458,112.6491067,41.08381739697692,405.7,13.2,Arjuno-Welirang,12.6
Candi Sengon,-7.6045661,112.6151579,39.33109294480043,405.7,13.2,Arjuno-Welirang,14.5
Candi Merak,-7.6066004,112.6133722,39.837930556224364,405.7,13.2,Arjuno-Welirang,14.3
Candi Gajah Mungkur,-7.604506,112.6215523,38.62597785810956,405.7,13.2,Arjuno-Welirang,14.8
Candi Wayang,-7.6054843,112.6217173,38.75264045248345,405.7,13.2,Arjuno-Welirang,14.7
Candi Lemari,-7.6078498,112.6123137,40.1482413114395,405.7,13.2,Arjuno-Welirang,14.1
Candi Bayi,-7.6139718,112.6055954,41.88501655356893,405.7,13.2,Arjuno-Welirang,13.2
Candi Putri,-7.611832,112.6093412,41.107566758699136,405.7,13.2,Arjuno-Welirang,13.6
Candi Pura,-7.6115047,112.6106941,40.90029856753172,405.7,13.2,Arjuno-Welirang,13.6
Candi Lurah,-7.613422,112.6118635,41.06582027514003,405.7,13.2,Arjuno-Welirang,13.5
Candi Carik,-7.6132392,112.6109145,41.1470577187219,405.7,13.2,Arjuno-Welirang,13.5
Candi Wisnu,-7.6147858,112.613817,41.052667055678725,405.7,13.2,Arjuno-Welirang,13.4
Candi Kendalisodo,-7.6067777,112.6076324,40.50867726775059,405.7,13.2,Arjuno-Welirang,14.1
Candi Naga I,-7.6135783,112.6108332,41.209832656657255,405.7,13.2,Arjuno-Welirang,13.4
Candi Merak,-7.6066004,112.6133722,39.837930556224364,405.7,13.2,Arjuno-Welirang,14.3
Candi Naga II,-7.6135783,112.6108332,41.209832656657255,405.7,13.2,Arjuno-Welirang,13.4
Candi Griya,-7.6032082,112.6206324,38.533582365935324,405.7,13.2,Arjuno-Welirang,14.9
Candi Dharmawangsa,-7.604272,112.6221719,38.52464257922897,405.7,13.2,Arjuno-Welirang,14.8
Candi Kerajaan,-7.6039862,112.6236257,38.32646071772683,405.7,13.2,Arjuno-Welirang,14.9
Candi Naga,-7.6138526,112.6106987,41.26866753097179,405.7,13.2,Arjuno-Welirang,13.4
Candi Merak,-7.6066004,112.6133722,39.837930556224364,405.7,13.2,Arjuno-Welirang,14.3
osm_845830591,-7.54446,112.4487524,44.208246461323455,404.4,14.7,Arjuno-Welirang,24.8
osm_845830592,-7.5437964,112.4474942,44.15412449044024,404.4,14.7,Arjuno-Welirang,24.9
Candi Situsumpak,-7.5406294,112.4025429,45.99350631131765,404.4,14.7,Arjuno-Welirang,28.3
Monumen Brigjend. R. Kretarto,-7.5376446,112.2307171,45.71641400199015,393.3,14.2,Arjuno-Welirang,43.5
Makam Mbah Mendek,-7.5715271,112.5885726,37.05759061176062,389.9,12.6,Arjuno-Welirang,17.6
Situs Genting,-7.5714269,112.5898064,36.92425791732112,389.9,12.6,Arjuno-Welirang,17.6
Tumpak Sewu,-8.230408,112.916939,60.16462429995993,383.7,1.1,Semeru,13.6
Candi Petirtaan Belahan,-7.6075228,112.6513504,35.92726069554693,362.6,9.4,Arjuno-Welirang,15.9
Candi Mirigambar,-8.1341345,111.9759543,48.64348507870733,361.3,11.5,Kelud,43.0
Candi Mirigambar,-8.1341346,111.9759543,48.64347208370493,361.3,11.5,Kelud,43.0
Canti Pasetran,-7.5757693,112.6150601,35.15383086246037,353.6,9.4,Arjuno-Welirang,17.6
Canti Jedong,-7.579683,112.6130256,35.89903944575401,353.6,9.4,Arjuno-Welirang,17.1
Watu Prasasti,-7.596268,112.6128719,38.33064888730378,353.6,9.4,Arjuno-Welirang,15.3
Tugu UKS,-7.4892889,112.4400257,34.21768406464992,338.3,9.4,Arjuno-Welirang,30.5
Pabriek Bintang,-7.4763541,112.4327352,32.43337596542795,338.3,9.4,Arjuno-Welirang,32.2
R. A. Kartini Monument,-8.063832,111.9006575,40.05110693833896,334.1,9.5,Kelud,47.3
Astoria,-7.4647507,112.4508602,29.96552329966522,324.8,8.3,Arjuno-Welirang,32.4
Situs Tarik Raden Wijaya Majapahit,-7.4527626,112.4827118,27.025983119213674,324.8,8.3,Arjuno-Welirang,32.4
Monumen Trisula Blitar,-8.2593837,112.0745185,45.16833929920171,323.5,8.5,Kelud,44.7
Candi Lor,-8.1796471,113.0723519,45.048109430602324,322.0,0.4,Semeru,18.4
Prasasti Cunggrang,-7.5798158,112.6849627,29.509672271100886,319.0,6.9,Arjuno-Welirang,20.5
Pura Tri Hita Karana,-8.2552193,112.8621525,51.52152257649427,310.6,1.3,Semeru,17.6
Candi Dadi,-8.1302386,111.9268294,39.626757224220945,309.3,7.7,Kelud,47.5
osm_12682574865,-8.1238221,111.9223702,39.42908994345406,309.3,7.7,Kelud,47.6
Candi Dadi,-8.1302386,111.9268294,39.626757224220945,309.3,7.7,Kelud,47.5
Candi Bangkal,-7.543221,112.6355351,29.242919853841748,306.5,6.6,Arjuno-Welirang,21.7
Candi Bangkal,-7.543256,112.6355419,29.2465119963983,306.5,6.6,Arjuno-Welirang,21.7
Situs Sendang Made,-7.4030121,112.3122484,24.162052814621315,290.6,6.4,Arjuno-Welirang,46.4
Situs Gapura Majapahit,-7.4274762,112.3593053,27.042182179298816,289.8,6.3,Arjuno-Welirang,41.1
Perempatan Gununggangsir,-7.5857822,112.723543,27.163777111055673,287.1,4.9,Arjuno-Welirang,22.8
Prasasti Gurit,-7.403138,112.2881247,24.1060153363739,286.4,6.2,Arjuno-Welirang,48.1
Candi Pari,-7.5161315,112.6834255,23.156647941676987,278.9,4.9,Arjuno-Welirang,26.5
osm_646335021,-7.5446032,112.6994321,24.813967986233358,278.9,4.9,Arjuno-Welirang,24.7
Candi Pari,-7.5161315,112.6834255,23.156647941676987,278.9,4.9,Arjuno-Welirang,26.5
osm_11377132597,-7.861484,111.8371913,31.63278912106484,264.0,5.2,Kelud,52.4
osm_781575304,-7.5440231,112.7054267,24.364325014492337,252.7,3.6,Arjuno-Welirang,25.1
osm_781575305,-7.542813,112.7048245,24.2900825953087,252.7,3.6,Arjuno-Welirang,25.2
osm_781575361,-7.5458412,112.7065992,24.45843904438632,252.7,3.6,Arjuno-Welirang,25.0
Peri Mandiri Residence,-7.4196018,112.5847958,19.37817799323988,245.3,3.8,Arjuno-Welirang,34.4
Tugu Adipura Bundaran Loceret,-7.6468715,111.8926795,27.46624142613278,238.6,3.9,Kelud,55.5
Candi Penampihan,-7.9027228,111.7952694,26.227179388745384,223.0,3.3,Kelud,56.6
Candi Penampihan,-7.9027228,111.7952694,26.227179388745384,223.0,3.3,Kelud,56.6
Candi Ngetos,-7.6935104,111.8424528,24.97298995625622,222.7,3.3,Kelud,57.6
Candi Ngetos,-7.6935164,111.8424533,24.973388619356033,222.7,3.3,Kelud,57.6
omah bu feling,-7.4568728,112.7285638,16.1265609260939,221.4,2.6,Arjuno-Welirang,34.7
Candi,-7.4853909,112.726104,18.182944408826398,221.4,2.6,Arjuno-Welirang,31.8
Tugu Kota Pasuruan,-7.6419326,112.9066795,21.64316287631676,214.8,1.3,Bromo,33.7
Situs Candi Terung,-7.3947721,112.6203456,16.117878547319787,196.7,2.0,Arjuno-Welirang,37.5
osm_4686698740,-7.4462764,112.7185358,15.858576980553117,193.4,1.8,Arjuno-Welirang,35.2
Monumen Pancasila,-8.0497466,111.7090658,16.194855211539583,181.9,1.9,Kelud,67.3
Tugu Adipura Trenggalek,-8.0483186,111.7093052,16.23609631480684,181.9,1.9,Kelud,67.2
Tugu Latsitarda Trenggalek,-8.0553692,111.7083222,16.046563386061823,175.0,1.7,Kelud,67.5
Candi Patakan,-7.2836656,112.2565327,13.14598631633803,172.6,1.6,Arjuno-Welirang,60.7
Monumen Pesawat,-7.373899,112.7294704,11.439954379479548,168.6,1.2,Arjuno-Welirang,43.0
Monumen Pahlawan,-7.3842345,112.7284029,11.972434353587788,168.6,1.2,Arjuno-Welirang,41.9
Situs Makam Gunung Ratu,-7.2640867,112.2370884,11.827990100051741,168.6,1.5,Arjuno-Welirang,63.7
Prasasti Sumbersari,-7.2892372,112.235266,13.366871012002802,168.6,1.5,Arjuno-Welirang,61.6
Monumen Pesawat Tempur,-7.3831308,112.7697028,10.745460855078331,154.8,0.9,Arjuno-Welirang,44.0
Candi Tawangalun,-7.3988488,112.7891649,10.890043370350401,154.8,0.9,Arjuno-Welirang,43.6
Candi Tawangalun,-7.3988488,112.7891649,10.890043370350401,154.8,0.9,Arjuno-Welirang,43.6
Monumen Mayangkara,-7.3069798,112.7355757,8.393766434932239,146.8,0.9,Arjuno-Welirang,50.2
Monumen Mastrip,-7.3074674,112.718817,8.753148579042444,146.8,0.9,Arjuno-Welirang,49.5
Candi Baru,-7.2716198,112.664791,8.454435111277066,137.0,0.7,Arjuno-Welirang,51.8
Pura Besakih,-7.337657,112.7882421,8.511611054917603,135.4,0.7,Arjuno-Welirang,49.5
Pura Besakih,-7.337657,112.7882421,8.511611054917603,135.4,0.7,Arjuno-Welirang,49.5
Monumen Pantai Prigi,-8.2864201,111.7265533,11.33080441898167,134.9,0.8,Kelud,75.3
Tugu Bambu Runcing,-7.2677393,112.7444085,6.971835620402269,127.7,0.6,Arjuno-Welirang,54.6
Monumen Perjuangan Polri,-7.2808273,112.7409573,7.426606842980327,127.7,0.6,Arjuno-Welirang,53.1
Patung Karapan Sapi,-7.2729404,112.742264,7.162192901451918,127.7,0.6,Arjuno-Welirang,54.0
Patung Suro dan Boyo,-7.2959921,112.7386859,7.957199763917079,127.7,0.6,Arjuno-Welirang,51.4
Monumen Gubernur Suryo,-7.2636891,112.742849,6.878855637239042,127.7,0.6,Arjuno-Welirang,54.9
Monumen Jenderal Sudirman,-7.2616358,112.7464236,6.762821034257332,127.7,0.6,Arjuno-Welirang,55.3
osm_9989878290,-7.2948913,112.7388562,7.917385351212632,127.7,0.6,Arjuno-Welirang,51.5
osm_12787395885,-7.2609359,112.7408129,6.831606893525681,127.7,0.6,Arjuno-Welirang,55.2
Monumen Kresek,-7.7050166,111.6310114,9.732319805829134,127.0,0.7,Kelud,78.7
Batu Lumpang,-7.23649,112.0372,8.171720047715922,119.2,0.6,Arjuno-Welirang,80.7
Monumen Kapal Selam,-7.2654793,112.750307,6.810648287888694,118.3,0.4,Arjuno-Welirang,55.0
osm_448474624,-7.265091,112.7514254,6.781608480020531,118.3,0.4,Arjuno-Welirang,55.1
Globe,-7.2663881,112.7953036,6.128326103068943,118.3,0.4,Arjuno-Welirang,56.9
Tugu Pahlawan,-7.2458594,112.7378213,6.452766987011575,111.0,0.4,Arjuno-Welirang,56.6
Monumen Nol Kilometer Surabaya,-7.2456622,112.738727,6.434063099077615,111.0,0.4,Arjuno-Welirang,56.7
osm_12778963114,-7.2389913,112.7371808,6.27595145869258,111.0,0.4,Arjuno-Welirang,57.3
Monumen Yos Sudarso,-7.2233947,112.7208589,6.08630902536232,111.0,0.4,Arjuno-Welirang,58.5
Menggapai Cakrawala,-7.2778687,112.8081502,6.217652280100943,109.0,0.3,Arjuno-Welirang,56.4
osm_876473509,-7.2725325,112.8065783,6.108453774390524,109.0,0.3,Arjuno-Welirang,56.8
Petrokimia Gresik,-7.1571463,112.6390218,5.325582169335521,108.5,0.4,Arjuno-Welirang,64.0
Lontar,-7.165975,112.6392067,5.540797593222675,108.5,0.4,Arjuno-Welirang,63.0
"Masjid Al-Quba Sumberarum, Dander, Bojonegoro",-7.2630662,111.870928,6.337178605203449,107.9,0.4,Kelud,88.4
"Masjid Growok, Dander",-7.2541341,111.8511198,5.796236329292858,107.9,0.4,Kelud,90.5
Wilmar Gresik,-7.1713258,112.6536693,5.532298875578937,102.7,0.3,Arjuno-Welirang,62.6
UPTD Pendidikan Kecamatan Dander,-7.2523035,111.849414,5.7270545541725495,98.3,0.3,Kelud,90.7
Tugu Reyog Ponorogo,-7.7993025,111.5123117,6.214874699404189,96.8,0.3,Kelud,88.8
Monumen Jalesveva Jayamahe,-7.1954974,112.7396326,5.181208172365515,96.5,0.3,Arjuno-Welirang,62.0
Patung Gajah,-7.6517749,111.5212273,5.402992672351249,90.4,0.2,Kelud,92.0
0 km Madiun,-7.6304729,111.5194338,5.16943595370921,86.3,0.2,Kelud,93.0
Bunderan Taman,-7.6498149,111.5330055,5.6813054838055885,86.3,0.2,Kelud,90.9
Monumen Madiun Kota Pecel,-7.6236246,111.5203365,5.1281375933428555,86.3,0.2,Kelud,93.2
osm_1099285077,-7.6189099,111.5224617,5.133575209775199,86.3,0.2,Kelud,93.2
monumen adipura sumbang,-7.1595325,111.8817589,4.224389284732631,83.5,0.2,Kelud,97.7
Monument Bundaran JETAK Bojonegoro,-7.1630928,111.8699799,4.171606855450015,83.5,0.2,Kelud,98.0
Candi Deres,-8.2989723,113.4190438,4.6909202426518855,69.1,0.0,Lamongan,36.8
osm_11197381439,-7.9958393,113.4541422,5.079073518645468,67.8,0.0,Lamongan,12.4
Petirtaan Dewi Sri,-7.6922104,111.4420691,3.9869030253022317,67.6,0.0,Kelud,99.0
Tugu Perbatasan Kecamatan Ngawi - Kasreman,-7.4115086,111.4839797,2.747552054503531,58.7,0.0,Kelud,107.6
Watu Jago,-7.3186656,111.5222879,2.4634051968393584,56.6,0.0,Kelud,110.1
osm_11721665791,-7.7352714,113.4717026,2.9204579625326668,55.6,0.0,Lamongan,30.4
osm_1282926552,-7.3906857,111.4537653,2.2999886260679925,54.4,0.0,Kelud,111.6
Tugu Kartonyono,-7.4107521,111.4433315,2.3202371733891978,51.7,0.0,Kelud,111.4
Tugu Nol Ngawi,-7.4042693,111.4455522,2.303522296270286,51.7,0.0,Kelud,111.6
Tugu Batas Kecamatan Paron - Ngawi,-7.4291704,111.4048622,2.071150289652203,51.7,0.0,Kelud,114.0
Candi Rengganis,-7.9647946,113.5730157,2.3435067860034158,47.4,0.0,Lamongan,25.4
Tugu Perbatasan Kecamatan Ngawi - Paron (Kebon),-7.4003245,111.3970695,1.8722214591362059,45.5,0.0,Kelud,116.4
Trinil,-7.3743,111.3578,1.4970953989298137,42.5,0.0,Kelud,121.6
Monumen Sampang,-7.1955784,113.2510746,1.2117858503171963,36.4,0.0,Lamongan,87.5
Rembangan,-8.07817222,113.69045,1.1854771732173854,33.5,0.0,Raung,39.0
Monumen Soerjo Ngawi,-7.3788034,111.2841901,1.0931685469894965,33.2,0.0,Kelud,128.4
Cagar Budaya Candi Pendem,-7.497183,111.2241471,1.0765980707244942,32.8,0.0,Kelud,128.8
Candi Pendem,-7.4971784,111.2241507,1.0766061040142427,32.8,0.0,Kelud,128.8
Candi Pendem Ngawi,-7.4971784,111.2241507,1.0766061040142427,32.8,0.0,Kelud,128.8
Candi Kethek,-7.5939326,111.1602927,0.9443784504430094,31.4,0.0,Kelud,131.9
Candi Cetho,-7.5957362,111.1581311,0.9375496522483521,31.4,0.0,Kelud,132.0
Candi Cetho,-7.5957362,111.1581311,0.9375496522483521,31.4,0.0,Kelud,132.0
Candi Kethek,-7.5939326,111.1602927,0.9443784504430094,31.4,0.0,Kelud,131.9
Candi Cetho,-7.5957362,111.1581311,0.9375496522483521,31.4,0.0,Kelud,132.0
osm_11083954444,-7.7165972,111.147358,1.0198355631622054,30.0,0.0,Kelud,130.0
Situs Menggung,-7.67177,111.13019,0.9038292634539655,29.3,0.0,Kelud,132.9
osm_11197251057,-8.004959,113.7464172,0.8747037894399221,28.5,0.0,Raung,35.2
osm_123365141,-7.627355,111.131202,0.8644909773979508,28.5,0.0,Kelud,133.9
Situs Plangatan,-7.63508,111.13254,0.8776462754315766,28.5,0.0,Kelud,133.6
Candi Sukuh,-7.6273153,111.1315373,0.8657576862434868,28.5,0.0,Kelud,133.9
Candi Sukuh,-7.6273153,111.1315373,0.8657576862434868,28.5,0.0,Kelud,133.9
Watu Tugu,-7.6748763,111.0509117,0.6321328475053947,25.6,0.0,Kelud,141.4
Candi Prambanan,-8.1992747,111.0914972,0.7522914098072928,25.1,0.0,Kelud,137.2
Candi Prambanan,-8.1992747,111.0914972,0.7522914098072928,25.1,0.0,Kelud,137.2
Candi Prambanan,-8.1992747,111.0914972,0.7522914098072928,25.1,0.0,Kelud,137.2
Monument PSHT,-7.6036542,111.070096,0.6383604788453444,24.9,0.0,Kelud,141.1
Candi Borobudur,-8.2011378,111.088786,0.7416894478327009,24.4,0.0,Kelud,137.6
Monumen KKN UGM,-7.590987,111.0570297,0.5927696526107122,24.1,0.0,Kelud,142.9
Arek Lancor,-7.1605749,113.4826465,0.4782486890949554,23.4,0.0,Lamongan,92.1
osm_1093070607,-7.3636545,111.1425526,0.5888576052381114,22.8,0.0,Kelud,143.0
Monumen Gerbong Maut,-7.9140563,113.8220181,0.5622853772446279,20.4,0.0,Raung,33.7
osm_8244908987,-8.3332714,114.1124988,0.09877084882088527,7.3,0.0,Raung,24.4
Candi Agung,-8.396529,114.1601135,0.07290827929450014,6.2,0.0,Raung,32.9
Candi Satu,-8.4078258,114.1649588,0.07024132881624384,5.9,0.0,Raung,34.2
Stasiun Kabat,-8.2761292,114.3159876,0.03794557880230183,4.3,0.0,Ijen,25.6
tugu kartini,-8.2124418,114.3778214,0.029053679335537923,3.8,0.0,Ijen,22.8
MONUMEN TUGU BUAYA,-8.4508179,114.3296286,0.02999060047933915,3.8,0.0,Ijen,44.7
Patung Kuda Tirtawangi,-8.2366844,114.3582219,0.03159393876335716,3.8,0.0,Ijen,23.6
Candi Plaosan,-8.2182728,114.3671726,0.030531646769193784,3.8,0.0,Ijen,22.5
osm_10314896612,-8.1929773,114.4430387,0.021258541339939454,3.4,0.0,Ijen,26.7
Museum Manusia Purba Gilimanuk,-8.16745,114.44061,0.021727753628680586,3.4,0.0,Ijen,25.0
Taman Nasional Bali Barat,-8.15,114.5,0.016319010027395886,2.6,0.0,Ijen,30.2
