filename,title,lang,date_ce,century,edition_word_count,has_translation,n_sanskrit,n_indigenous,n_unknown,n_geo_terms,n_volcanic_terms,n_admin_terms
DHARMA_INS12Gilikan.xml,Gilikan (date lost),kaw-Latn,,,1041,False,23,60,958,7,0,4
DHARMA_INSIDENK00007.xml,"Dharmasraya A (Padang Roco Amoghapāśa base), 1286 CE",omy-Latn,1286,13,121,True,18,4,99,2,0,3
DHARMA_INSIDENK00050.xml,"Pillar from Kota Kapur (N. 50), 608 Śaka",omy-Latn,686,7,235,True,6,1,228,2,0,0
DHARMA_INSIDENK00059.xml,Gunung Tua Lokanātha Statue,omy-Latn,,,33,True,4,1,28,0,0,0
DHARMA_INSIDENK00066.xml,"Śrīkṣetra Dedication: Slab from Talang Tuwo (N. 66), 606 Śaka",omy-Latn,684,7,247,True,11,5,231,1,1,0
DHARMA_INSIDENK00096.xml,"Stela from Bukit Gombak (N. 96), 1278 Śaka",omy-Latn,1356,14,247,True,15,1,231,2,1,3
DHARMA_INSIDENK00138.xml,"Bronze base for a triad of statuettes (N. 138, ca. 10th c. CE)",omy-Latn,,,9,False,1,0,8,0,0,0
DHARMA_INSIDENK00186.xml,"Makara of Candi Kedaton (N. 186), 10/11th c. CE",kaw-Latn,,,4,True,0,1,3,0,0,0
DHARMA_INSIDENK00351.xml,"Foundation of Sarungga's Hermitage (N. 351), 823 Śaka",kaw-Latn,901,10,16,True,3,0,13,0,0,0
DHARMA_INSIDENK00368.xml,Silver plate for the deity at Abhaya,kaw-Latn,,,10,True,0,0,10,0,0,0
DHARMA_INSIDENK00388.xml,"Silver vase of the deity at Dieng, early 10th c. CE",kaw-Latn,,,9,True,0,1,8,0,0,0
DHARMA_INSIDENK00396.xml,Silver plate for the deified ancestor at Abhayamukha,kaw-Latn,,,9,True,0,0,9,0,0,0
DHARMA_INSIDENK00526.xml,Kamalagyan charter (959 Śaka),kaw-Latn,1037,11,836,True,55,57,724,5,1,17
DHARMA_INSIDENKAbhayananda.xml,Abhayananda (779 Śaka),kaw-Latn,857,9,35,True,3,4,28,0,0,3
DHARMA_INSIDENKAdanAdan.xml,Adan-Adan (1223 Śaka),kaw-Latn,1301,14,1493,True,110,66,1317,10,2,16
DHARMA_INSIDENKAdulengen.xml,Adulengen,kaw-Latn,,,532,False,41,12,479,4,1,8
DHARMA_INSIDENKAirAsih.xml,Air Asih (between 1177 and 1208 Śaka),kaw-Latn,1286,13,272,True,23,24,225,3,0,6
DHARMA_INSIDENKAirKali.xml,Air Kali (849-850 Śaka),kaw-Latn,928,10,359,False,5,18,336,4,2,2
DHARMA_INSIDENKAlasantan.xml,Alasantan,kaw-Latn,,,1916,True,35,129,1752,9,1,11
DHARMA_INSIDENKAmoghapasaPlaqueTropenmuseum.xml,Singasari Amoghapāśa plaque Tropenmuseum,san-Latn,,,54,True,5,0,49,0,0,1
DHARMA_INSIDENKAnjatan.xml,Anjatan: Foundation Charter of the Amr̥tamaṅgala Monastery,kaw-Latn,,,659,True,16,41,602,5,2,12
DHARMA_INSIDENKAyamTeas_I.xml,Ayam Teas I (822 Śaka),kaw-Latn,900,9,199,False,6,6,187,1,1,5
DHARMA_INSIDENKAyamTeas_II.xml,Charter of Ayam Teas II,kaw-Latn,,,166,False,7,6,153,1,1,6
DHARMA_INSIDENKAyamTeas_III.xml,"Charter of Ayam Teas III (822 Śaka, 901-01-01)",kaw-Latn,900,9,225,False,4,8,213,1,1,4
DHARMA_INSIDENKBalekambang.xml,Prayer for long life of Vijaya (7th c. CE),san-Latn,,,21,True,0,0,21,0,0,0
DHARMA_INSIDENKBarahasrama.xml,"Barahasrama (837 Śaka, 915-12-14)",kaw-Latn,915,10,679,True,18,46,615,5,1,8
DHARMA_INSIDENKBarsahan.xml,Barsahan charter (date lost),kaw-Latn,,,499,False,12,45,442,2,0,6
DHARMA_INSIDENKBatur.xml,Batur,kaw-Latn,,,340,True,16,37,287,4,0,3
DHARMA_INSIDENKBatutulis.xml,Batutulis,osn-Latn,,,101,True,2,4,95,3,1,4
DHARMA_INSIDENKBhatari.xml,"Bhatari (829 Śaka, 907-10-07)",,907,10,398,False,7,31,360,1,0,6
DHARMA_INSIDENKBorobudurHB021.xml,"Relief label from Borobudur's hidden base, no. 21 (8th c. CE)",san-Latn,,,4,True,0,0,4,0,0,0
DHARMA_INSIDENKBorobudurHB024.xml,"Relief label from Borobudur's hidden base, no. 24",san-Latn,,,1,True,0,0,1,0,0,0
DHARMA_INSIDENKBorobudurHB029.xml,"Relief label from Borobudur's hidden base, no. 29",san-Latn,,,0,True,0,0,0,0,0,0
DHARMA_INSIDENKBorobudurHB043.xml,"Relief label from Borobudur's hidden base, no. 43 (8th c. CE)",san-Latn,,,1,True,0,0,1,0,0,0
DHARMA_INSIDENKBorobudurHB121A.xml,"Relief label from Borobudur's hidden base, no. 121A (8th c. CE)",san-Latn,,,1,True,0,0,1,0,0,0
DHARMA_INSIDENKBorobudurHB121B.xml,"Relief label from Borobudur's hidden base, no. 121B (8th c. CE)",san-Latn,,,1,True,0,0,1,0,0,0
DHARMA_INSIDENKBorobudurHB122.xml,"Relief label from Borobudur's hidden base, no. 122 (8th c. CE)",san-Latn,,,2,True,0,0,2,0,0,0
DHARMA_INSIDENKBorobudurHB123.xml,"Relief label from Borobudur's hidden base, no. 123 (8th c. CE)",san-Latn,,,1,True,0,0,1,0,0,0
DHARMA_INSIDENKBorobudurHB124A.xml,"Relief label from Borobudur's hidden base, no. 124A (8th c. CE)",san-Latn,,,1,True,1,0,0,0,0,0
DHARMA_INSIDENKBorobudurHB124B.xml,"Relief label from Borobudur's hidden base, no. 124B (8th c. CE)",san-Latn,,,1,True,1,0,0,0,0,0
DHARMA_INSIDENKBorobudurHB125A.xml,"Relief label from Borobudur's hidden base, no. 125A (8th c. CE)",san-Latn,,,1,True,0,0,1,0,0,0
DHARMA_INSIDENKBorobudurHB125B.xml,"Relief label from Borobudur's hidden base, no. 125B (8th c. CE)",san-Latn,,,1,True,0,0,1,0,0,0
DHARMA_INSIDENKBorobudurHB126A.xml,"Relief label from Borobudur's hidden base, no. 126A (8th c. CE)",san-Latn,,,2,True,0,0,2,0,0,0
DHARMA_INSIDENKBorobudurHB126B.xml,"Relief label from Borobudur's hidden base, no. 126B (8th c. CE)",san-Latn,,,1,True,0,0,1,0,0,0
DHARMA_INSIDENKBorobudurHB127A.xml,"Relief label from Borobudur's hidden base, no. 127A (8th c. CE)",san-Latn,,,1,True,0,0,1,0,0,1
DHARMA_INSIDENKBorobudurHB127B.xml,"Relief label from Borobudur's hidden base, no. 127B (8th c. CE)",san-Latn,,,3,True,0,0,3,0,0,0
DHARMA_INSIDENKBorobudurHB128.xml,"Relief label from Borobudur's hidden base, no. 128 (8th c. CE)",san-Latn,,,3,True,0,0,3,0,0,0
DHARMA_INSIDENKBorobudurHB129.xml,"Relief label from Borobudur's hidden base, no. 129 (8th c. CE)",san-Latn,,,1,True,1,0,0,0,0,0
DHARMA_INSIDENKBorobudurHB130.xml,"Relief label from Borobudur's hidden base, no. 130 (8th c. CE)",san-Latn,,,1,True,0,0,1,0,0,0
DHARMA_INSIDENKBorobudurHB131A.xml,"Relief label from Borobudur's hidden base, no. 131A (8th c. CE)",san-Latn,,,1,True,0,0,1,0,0,0
DHARMA_INSIDENKBorobudurHB131B.xml,"Relief label from Borobudur's hidden base, no. 131B (8th c. CE)",san-Latn,,,1,True,0,0,1,0,0,0
DHARMA_INSIDENKBorobudurHB132.xml,"Relief label from Borobudur's hidden base, no. 132 (8th c. CE)",san-Latn,,,1,True,1,0,0,0,0,0
DHARMA_INSIDENKBorobudurHB133.xml,"Relief label from Borobudur's hidden base, no. 133 (8th c. CE)",san-Latn,,,1,True,0,0,1,0,0,0
DHARMA_INSIDENKBorobudurHB134A.xml,"Relief label from Borobudur's hidden base, no. 134A (8th c. CE)",san-Latn,,,1,True,0,0,1,0,0,0
DHARMA_INSIDENKBorobudurHB134B.xml,"Relief label from Borobudur's hidden base, no. 134B (8th c. CE)",san-Latn,,,2,True,0,0,2,0,0,0
DHARMA_INSIDENKBorobudurHB135A.xml,"Relief label from Borobudur's hidden base, no. 135A (8th c. CE)",san-Latn,,,1,True,0,0,1,0,0,1
DHARMA_INSIDENKBorobudurHB135B.xml,"Relief label from Borobudur's hidden base, no. 135B (8th c. CE)",san-Latn,,,1,True,0,0,1,0,0,0
DHARMA_INSIDENKBorobudurHB137.xml,"Relief label from Borobudur's hidden base, no. 137 (8th c. CE)",san-Latn,,,1,True,0,0,1,0,0,0
DHARMA_INSIDENKBorobudurHB138A.xml,"Relief label from Borobudur's hidden base, no. 138A (8th c. CE)",san-Latn,,,2,True,1,0,1,0,0,1
DHARMA_INSIDENKBorobudurHB138B.xml,"Relief label from Borobudur's hidden base, no. 138B (8th c. CE)",san-Latn,,,1,True,0,0,1,0,0,1
DHARMA_INSIDENKBorobudurHB139.xml,"Relief label from Borobudur's hidden base, no. 139 (8th c. CE)",san-Latn,,,1,True,0,0,1,0,0,0
DHARMA_INSIDENKBorobudurHB140.xml,"Relief label from Borobudur's hidden base, no. 140 (8th c. CE)",san-Latn,,,2,True,0,0,2,0,0,0
DHARMA_INSIDENKBorobudurHB141.xml,"Relief label from Borobudur's hidden base, no. 141 (8th c. CE)",san-Latn,,,1,True,0,0,1,0,0,0
DHARMA_INSIDENKBorobudurHB142.xml,"Relief label from Borobudur's hidden base, no. 142 (8th c. CE)",san-Latn,,,1,True,0,0,1,0,0,0
DHARMA_INSIDENKBorobudurHB144.xml,"Relief label from Borobudur's hidden base, no. 144 (8th c. CE)",san-Latn,,,2,True,0,0,2,0,0,0
DHARMA_INSIDENKBorobudurHB147.xml,"Relief label from Borobudur's hidden base, no. 147 (8th c. CE)",san-Latn,,,1,True,0,0,1,0,0,0
DHARMA_INSIDENKBorobudurHB148A.xml,"Relief label from Borobudur's hidden base, no. 148A (8th c. CE)",san-Latn,,,2,True,0,0,2,0,0,0
DHARMA_INSIDENKBorobudurHB148B.xml,"Relief label from Borobudur's hidden base, no. 148B (8th c. CE)",san-Latn,,,1,True,0,0,1,0,0,0
DHARMA_INSIDENKBorobudurHB149.xml,"Relief label from Borobudur's hidden base, no. 149 (8th c. CE)",san-Latn,,,1,True,0,0,1,0,0,0
DHARMA_INSIDENKBorobudurHB150A.xml,"Relief label from Borobudur's hidden base, no. 150A (8th c. CE)",san-Latn,,,1,True,0,0,1,0,0,0
DHARMA_INSIDENKBorobudurHB150B.xml,"Relief label from Borobudur's hidden base, no. 150B (8th c. CE)",san-Latn,,,1,True,0,0,1,1,0,0
DHARMA_INSIDENKBorobudurHB151.xml,"Relief label from Borobudur's hidden base, no. 151 (8th c. CE)",san-Latn,,,1,True,0,0,1,0,0,0
DHARMA_INSIDENKBorobudurHB152A.xml,"Relief label from Borobudur's hidden base, no. 152A (8th c. CE)",san-Latn,,,1,True,1,0,0,0,0,1
DHARMA_INSIDENKBorobudurHB152B.xml,"Relief label from Borobudur's hidden base, no. 152B (8th c. CE)",san-Latn,,,1,True,0,0,1,0,0,0
DHARMA_INSIDENKBorobudurHB153A.xml,"Relief label from Borobudur's hidden base, no. 153A (8th c. CE)",san-Latn,,,1,True,1,0,0,0,0,0
DHARMA_INSIDENKBorobudurHB153B.xml,"Relief label from Borobudur's hidden base, no. 153B (8th c. CE)",san-Latn,,,1,True,0,0,1,0,0,0
DHARMA_INSIDENKBorobudurHB154A.xml,"Relief label from Borobudur's hidden base, no. 154A (8th c. CE)",san-Latn,,,1,True,0,0,1,0,0,1
DHARMA_INSIDENKBorobudurHB154B.xml,"Relief label from Borobudur's hidden base, no. 154B (8th c. CE)",san-Latn,,,1,True,0,0,1,0,0,0
DHARMA_INSIDENKBorobudurHB154C.xml,"Relief label from Borobudur's hidden base, no. 154C (8th c. CE)",san-Latn,,,1,True,0,0,1,0,0,0
DHARMA_INSIDENKBorobudurHB157.xml,"Relief label from Borobudur's hidden base, no. 157 (8th c. CE)",san-Latn,,,1,True,0,0,1,0,0,0
DHARMA_INSIDENKBromoSemeru2.xml,Bromo Semeru 2,kaw-Latn,,,1,True,0,0,1,0,0,0
DHARMA_INSIDENKBromoSemeru4.xml,Bromo Semeru 4,kaw-Latn,,,1,True,0,0,1,0,0,0
DHARMA_INSIDENKBromoSemeru6.xml,Bromo Semeru 6,kaw-Latn,,,2,True,0,0,2,0,0,0
DHARMA_INSIDENKBukateja.xml,Embossed Image of Śiva in Gold Leaf from Central Java (8th c. CE),omy-Latn,,,5,True,0,0,5,0,0,0
DHARMA_INSIDENKBulai.xml,Bulai,kaw-Latn,,,94,True,5,16,73,1,0,2
DHARMA_INSIDENKBularut.xml,Bularut charter (964 Śaka),kaw-Latn,1042,11,1367,True,5,16,1346,4,1,3
DHARMA_INSIDENKCamundi.xml,Camundi,kaw-Latn,,,56,True,7,0,49,0,0,2
DHARMA_INSIDENKCanggal.xml,The stela of Canggal or Gunung Wukir (654 Śaka),san-Latn,732,8,379,True,13,1,365,7,0,3
DHARMA_INSIDENKCanggu.xml,Canggu inscription,kaw-Latn,,,859,True,49,23,787,4,3,11
DHARMA_INSIDENKDalinan.xml,"Charter for the demarcation of Wukajana, Tumpak & Wuru Telu villages for the monastery at Dalinan (825 Śaka, 5 March 904)",kaw-Latn,903,10,1555,True,18,107,1430,5,1,9
DHARMA_INSIDENKDawangsari.xml,"A poem in honor of Gaṇeśa found at Dawangsari, 9th c. CE",kaw-Latn,,,130,True,2,2,126,2,0,2
DHARMA_INSIDENKdevadravya.xml,Inventory of a Śaiva temple at Dieng (9th c. CE),omy-Latn,,,80,True,1,1,78,2,0,0
DHARMA_INSIDENKDinoyoIIa.xml,Two connected charters on a stone from Dinoyo (772 and 786 Śaka),kaw-Latn,864,9,230,True,11,24,195,1,0,3
DHARMA_INSIDENKDisunuh.xml,Disunuh (709 Śaka),kaw-Latn,787,8,72,True,6,6,60,0,0,2
DHARMA_INSIDENKE62.xml,E62,,,,52,False,4,1,47,0,0,2
DHARMA_INSIDENKGajahMada.xml,Gajah Mada's foundation of a caitya (1351-04-27),kaw-Latn,,,138,True,15,9,114,1,0,2
DHARMA_INSIDENKGandasuli.xml,Gandasuli (early 8th century CE),omy-Latn,,,307,True,11,5,291,3,1,5
DHARMA_INSIDENKGandhakuti.xml,Gandhakuti,kaw-Latn,,,769,False,22,23,724,3,1,3
DHARMA_INSIDENKGaraman.xml,Garaman,kaw-Latn,,,950,True,30,35,885,2,1,11
DHARMA_INSIDENKGarung.xml,Garung,kaw-Latn,,,63,True,3,7,53,0,0,6
DHARMA_INSIDENKGenengII.xml,Geneng II,kaw-Latn,,,488,True,18,22,448,0,0,6
DHARMA_INSIDENKGondangLor.xml,Akṣobhya Statue from Gondang Lor (11th or 12th c. CE),san-Latn,,,55,True,2,1,52,1,1,2
DHARMA_INSIDENKGulungGulung.xml,Gulung-Gulung (851 Śaka),kaw-Latn,929,10,1521,True,33,120,1368,3,1,10
DHARMA_INSIDENKGuntur.xml,Guntur,kaw-Latn,,,199,True,9,16,174,0,0,3
DHARMA_INSIDENKHampran.xml,Gift of Hampran village (674 Śaka),,752,8,62,True,5,0,57,1,0,3
DHARMA_INSIDENKHarinjing.xml,The Harinjing Charter,kaw-Latn,,,733,True,25,59,649,2,2,8
DHARMA_INSIDENKHering.xml,Charter of Hering (870 Śaka),san-Latn,948,10,1220,True,17,112,1091,5,1,8
DHARMA_INSIDENKHimadvalandit.xml,Himad Walandit,kaw-Latn,,,310,False,7,43,260,2,0,2
DHARMA_INSIDENKHorren.xml,"Charter of Horren, ca. 975 Śaka",kaw-Latn,1053,11,174,True,9,9,156,1,0,5
DHARMA_INSIDENKHujungGaluh-Sangsang.xml,Hujung Galuh / Sangsang (907-05-04),,,,591,False,13,53,525,1,1,8
DHARMA_INSIDENKHuludayeuh.xml,Huludayeuh,osn-Latn,,,52,True,0,2,50,0,0,2
DHARMA_INSIDENKHumanding.xml,The Polengan plates: Humanding charter (797 Śaka),kaw-Latn,875,9,488,True,8,22,458,2,0,4
DHARMA_INSIDENKHuwung.xml,Demarcation of Huwung (822/823 CE),kaw-Latn,823,9,44,True,0,2,42,0,0,0
DHARMA_INSIDENKJamwi.xml,Jamwi (Sinaguha),,,,177,False,3,8,166,1,0,2
DHARMA_INSIDENKJeruJeru.xml,Jeru-Jeru (852 Śaka),kaw-Latn,930,10,1344,True,26,119,1199,5,1,12
DHARMA_INSIDENKJragung.xml,Jragung,san-Latn,,,85,False,3,0,82,0,0,0
DHARMA_INSIDENKJurungan.xml,The Polengan plates: Jurungan charter (798 Śaka),kaw-Latn,876,9,1182,True,12,89,1081,2,0,5
DHARMA_INSIDENKKabhagavanan.xml,Kabhagavanan,kaw-Latn,,,276,True,7,16,253,3,1,1
DHARMA_INSIDENKKakalangan.xml,Kakalangan,kaw-Latn,,,112,True,1,4,107,2,0,2
DHARMA_INSIDENKKaladi.xml,Kaladi charter,kaw-Latn,,,1475,False,27,93,1355,4,0,9
DHARMA_INSIDENKKalasan.xml,Kalasan,san-Latn,,,197,True,15,1,181,2,1,4
DHARMA_INSIDENKKandangan.xml,The Charter of Kandangan,kaw-Latn,,,168,False,7,6,155,0,0,2
DHARMA_INSIDENKKanjuruhan.xml,The Kanjuruhan Charter (682 Śaka),san-Latn,760,8,229,True,11,0,218,2,1,4
DHARMA_INSIDENKKarangloMojokerto.xml,Karang Lo (1019 Śaka),kaw-Latn,1097,11,12,True,0,2,10,0,0,0
DHARMA_INSIDENKKasugihan.xml,"Kasugihan (829 Śaka, 907-11-18)",kaw-Latn,907,10,346,False,6,40,300,1,1,4
DHARMA_INSIDENKKawali_1a.xml,Kawali I (a),osn-Latn,,,49,True,0,0,49,0,0,0
DHARMA_INSIDENKKawali_1b.xml,Kawali I (b),osn-Latn,,,15,True,0,0,15,0,0,0
DHARMA_INSIDENKKawali_2.xml,Kawali 2,osn-Latn,,,14,True,0,0,14,0,0,0
DHARMA_INSIDENKKawali_3.xml,Kawali 3,osn-Latn,,,1,True,0,0,1,0,0,0
DHARMA_INSIDENKKawali_4.xml,Kawali 4,osn-Latn,,,5,True,0,2,3,0,0,0
DHARMA_INSIDENKKawali_5.xml,Kawali 5,osn-Latn,,,4,True,0,1,3,0,0,0
DHARMA_INSIDENKKawali_6.xml,Kawali VI,osn-Latn,,,17,True,0,0,17,0,0,0
DHARMA_INSIDENKKayuAraHiwang.xml,Kayu Ara Hiwang (823 Śaka),kaw-Latn,901,10,438,False,11,52,375,2,1,7
DHARMA_INSIDENKKayumwungan.xml,Kayumwungan charter of the Veṇuvanavihāra (746 Śaka),kaw-Latn,824,9,695,True,17,32,646,8,1,7
DHARMA_INSIDENKKebantenan_1.xml,Kebantenan 1,osn-Latn,,,91,True,1,2,88,1,1,1
DHARMA_INSIDENKKebantenan_2.xml,Kebantenan 2,osn-Latn,,,102,True,0,4,98,0,0,3
DHARMA_INSIDENKKebantenan_3.xml,Kebantenan 3,osn-Latn,,,51,True,0,1,50,1,0,0
DHARMA_INSIDENKKebantenan_4.xml,Kebantenan 4,osn-Latn,,,97,True,1,2,94,0,0,4
DHARMA_INSIDENKKedungwangi.xml,The Stela of Kedungwangi (Lawan),kaw-Latn,,,173,True,7,8,158,0,1,2
DHARMA_INSIDENKKetanen.xml,"Ketanen (826 Ś, 904/905)",,,,155,False,1,5,149,1,1,3
DHARMA_INSIDENKKinewu.xml,Kinewu (829 Śaka – 907-11-20),,907,10,430,False,15,50,365,1,1,4
DHARMA_INSIDENKKiringan.xml,Kiringan (917-11-14),kaw-Latn,,,232,True,6,42,184,0,0,1
DHARMA_INSIDENKKubu-Kubu.xml,"Kubu-Kubu (827 Ś, 905-10-17)",kaw-Latn,,,891,False,17,71,803,4,1,3
DHARMA_INSIDENKKurungan.xml,Kurungan (Randusari II),kaw-Latn,,,283,True,6,17,260,0,1,2
DHARMA_INSIDENKKusambyan.xml,Kusambyan charter (945 Śaka),kaw-Latn,1023,11,294,False,18,10,266,0,0,6
DHARMA_INSIDENKLaguna.xml,Laguna Copper plate (820 Śaka),omy-Latn,898,9,143,True,7,12,124,0,0,4
DHARMA_INSIDENKLanda.xml,Resources of the temple at Landa (late 9th c. CE),kaw-Latn,,,136,True,5,19,112,0,0,1
DHARMA_INSIDENKLinggasuntan.xml,Linggasuntan (851 Śaka),kaw-Latn,929,10,1665,True,38,124,1503,5,1,11
DHARMA_INSIDENKLinggawangi.xml,Linggawangi,osn-Latn,,,15,True,0,1,14,0,0,0
DHARMA_INSIDENKLintakan.xml,"Lintakan (841 Śaka, 919-07-12)",kaw-Latn,919,10,1885,True,35,207,1643,7,1,10
DHARMA_INSIDENKLuitan.xml,Charter of Luitan I,kaw-Latn,,,317,False,9,38,270,0,1,5
DHARMA_INSIDENKLurah.xml,Lurah (E. 14),,,,121,False,0,1,120,0,1,0
DHARMA_INSIDENKMadhawapura.xml,Madhawapura (13th c. CE),kaw-Latn,,,504,True,1,38,465,3,1,5
DHARMA_INSIDENKMalenga.xml,Malenga,kaw-Latn,,,583,True,19,38,526,4,1,4
DHARMA_INSIDENKMamali.xml,The Polengan plates: Mamali Charter (800 Śaka),kaw-Latn,878,9,250,True,4,17,229,3,0,2
DHARMA_INSIDENKManahimanuk.xml,Manah i Manuk Charter (1350–1356 CE),kaw-Latn,1356,14,705,True,29,29,647,3,1,11
DHARMA_INSIDENKManjusrigerha.xml,Manjusrigerha (792 CE),omy-Latn,792,8,154,True,10,1,143,0,0,2
DHARMA_INSIDENKMantyasihI.xml,The Charter of Mantyasih I,kaw-Latn,,,1503,False,35,107,1361,5,1,13
DHARMA_INSIDENKMantyasihII.xml,"Mantyasih II (829 Śaka, 907-04-11)",kaw-Latn,907,10,103,False,5,6,92,1,0,3
DHARMA_INSIDENKMantyasihIII.xml,The Charter of Mantyasih III,kaw-Latn,,,676,False,7,34,635,2,0,5
DHARMA_INSIDENKMaribong.xml,The Maribong Charter of Wisnuwardhana (1170 Śaka),kaw-Latn,1248,13,87,True,16,3,68,1,0,5
DHARMA_INSIDENKMarinci_I.xml,Marinci I,kaw-Latn,,,114,False,6,1,107,1,0,0
DHARMA_INSIDENKMarinci_II.xml,Marinci II,kaw-Latn,,,101,True,3,0,98,1,1,2
DHARMA_INSIDENKMarsemu.xml,"Marsemu charter, ca. 875 CE",kaw-Latn,875,9,41,True,0,4,37,0,0,1
DHARMA_INSIDENKMasahar.xml,Charter of Masahar (852 Śaka),kaw-Latn,930,10,1683,True,23,136,1524,6,1,11
DHARMA_INSIDENKMpuMano.xml,Mpu Mano,kaw-Latn,,,195,True,11,13,171,3,1,3
DHARMA_INSIDENKMula-Malurung.xml,Mula-Malurung,kaw-Latn,,,2290,True,97,136,2057,5,1,20
DHARMA_INSIDENKMunduan.xml,Munduan,kaw-Latn,,,228,True,5,23,200,2,0,2
DHARMA_INSIDENKMunggut.xml,Munggut charter (944 Śaka),kaw-Latn,1022,11,1002,True,34,37,931,6,2,14
DHARMA_INSIDENKNarasinghanagara.xml,Narasinghanagara,kaw-Latn,,,326,False,11,25,290,0,0,6
DHARMA_INSIDENKNgadoman.xml,Ngadoman,kaw-Latn,,,85,True,2,1,82,1,0,0
DHARMA_INSIDENKNglumbangDungik.xml,Stone from Nglumbang Dungik (9th-10th c. CE),san-Latn,,,18,True,2,2,14,0,0,0
DHARMA_INSIDENKPabanyolan.xml,The Comedy (,kaw-Latn,,,174,True,0,11,163,2,0,0
DHARMA_INSIDENKPadingding.xml,"Stray plate of a foundation bordering on Paḍiṅḍiṅ, Paṅeran and Pajənvan (14th c. CE)",kaw-Latn,,,231,True,0,19,212,2,0,1
DHARMA_INSIDENKPaguhan.xml,Paguhan,kaw-Latn,,,76,True,1,1,74,1,1,0
DHARMA_INSIDENKPakisWetan.xml,The Pakis Wetan Charter of Kertanagara (1188 Śaka),kaw-Latn,1266,13,131,True,22,6,103,1,1,6
DHARMA_INSIDENKPalebuhan.xml,Palebuhan,kaw-Latn,,,269,True,12,19,238,0,1,5
DHARMA_INSIDENKPalepangan.xml,Palepangan charter (828 Śaka),kaw-Latn,906,10,323,True,6,40,277,0,0,6
DHARMA_INSIDENKPamintihan.xml,The Pamintihan charter,kaw-Latn,,,685,True,40,26,619,3,2,9
DHARMA_INSIDENKPananggaran.xml,Pananggaran (791 Śaka),kaw-Latn,869,9,80,True,5,8,67,1,0,1
DHARMA_INSIDENKPanggumulanA.xml,The Charter of Panggumulan,,,,1844,False,25,165,1654,5,1,9
DHARMA_INSIDENKPanunggalan.xml,"Panunggalan charter (818 Śaka, 896-08-15 CE)",kaw-Latn,896,9,204,True,4,31,169,1,0,3
DHARMA_INSIDENKParablyan.xml,Parablyan (between 1177 and 1208 Śaka),kaw-Latn,1286,13,259,True,23,17,219,1,0,8
DHARMA_INSIDENKParhyangan.xml,Parhyangan,kaw-Latn,,,91,True,1,3,87,0,0,3
DHARMA_INSIDENKParung_I.xml,Parung I,kaw-Latn,,,145,True,8,12,125,0,0,6
DHARMA_INSIDENKParung_II.xml,Parung II,kaw-Latn,,,126,True,8,8,110,0,0,5
DHARMA_INSIDENKPasanggrahan.xml,Pasanggrahan (ca. 900-910),kaw-Latn,,,299,False,0,23,276,2,1,3
DHARMA_INSIDENKPatapan.xml,Patapan I,kaw-Latn,,,74,True,3,4,67,0,0,0
DHARMA_INSIDENKPatapan_II.xml,Patapan II,kaw-Latn,,,135,True,4,7,124,0,0,2
DHARMA_INSIDENKPatitihan.xml,Patitihan,kaw-Latn,,,784,True,31,31,722,6,1,7
DHARMA_INSIDENKPenampihan.xml,Penampihan,,,,173,False,6,3,164,3,0,2
DHARMA_INSIDENKPesindon.xml,Pesindon I and II (914-08-14),kaw-Latn,,,64,True,7,2,55,1,0,0
DHARMA_INSIDENKPlalangan.xml,Stone from Plalangan (9th-10th c. CE),san-Latn,,,32,True,1,0,31,0,0,0
DHARMA_INSIDENKPlered.xml,Charter of the early tenth century (date lost),kaw-Latn,,,411,False,2,34,375,2,0,3
DHARMA_INSIDENKPoh.xml,Charter of Poh (Randusari I),kaw-Latn,,,1703,False,28,221,1454,5,1,7
DHARMA_INSIDENKPucangan.xml,Charter of Pucangan (1041-11-6),kaw-Latn,,,1797,True,148,53,1596,10,2,16
DHARMA_INSIDENKPuhawangGlis.xml,Puhawang Glis (749 Śaka),omy-Latn,827,9,76,True,6,4,66,0,0,0
DHARMA_INSIDENKRabvan.xml,"Rabvan (827 Śaka, 906-02-03)",,905,10,26,False,3,1,22,0,0,1
DHARMA_INSIDENKRaKidanI.xml,Ra Kidan I (750-800 Śaka),kaw-Latn,878,9,108,True,6,13,89,1,0,1
DHARMA_INSIDENKRameswarapura.xml,Rameswarapura charter (1197 Śaka),kaw-Latn,1275,13,1693,True,43,143,1507,11,1,14
DHARMA_INSIDENKRampal.xml,Rampal (ca. 875 CE),kaw-Latn,875,9,332,True,7,59,266,2,1,3
DHARMA_INSIDENKRembang.xml,Rembang,kaw-Latn,,,51,True,7,0,44,0,0,2
DHARMA_INSIDENKRongkab.xml,Charter of Rongkab,kaw-Latn,,,306,True,6,26,274,1,1,2
DHARMA_INSIDENKRukam.xml,Charter of Rukam (829 Śaka),kaw-Latn,907,10,1418,False,36,179,1203,9,1,9
DHARMA_INSIDENKRumwigaI.xml,"Rumwiga I (826 Śaka, 904-12-28)",,904,10,451,False,10,53,388,1,0,6
DHARMA_INSIDENKRumwigaII.xml,"Rumwiga II (827 Śaka, 905-07-05)",,905,10,484,False,15,37,432,2,1,5
DHARMA_INSIDENKSadang.xml,Sadang,kaw-Latn,,,214,True,5,16,193,0,1,3
DHARMA_INSIDENKSalingsinganII.xml,Donation Record of Salingsingan II (802 Śaka) and Kikil Batu Addendum (827 Śaka),kaw-Latn,880,9,618,True,15,37,566,4,0,7
DHARMA_INSIDENKSamalagi.xml,"Samalagi ([824 Ś], 902-10-29)",,,,378,False,5,38,335,0,1,7
DHARMA_INSIDENKSanga.xml,Charter of Sanga (13th c. CE),kaw-Latn,,,351,True,2,12,337,1,0,4
DHARMA_INSIDENKSangguran.xml,Sangguran Charter (928-08-02),kaw-Latn,,,1816,True,42,147,1627,6,1,11
DHARMA_INSIDENKSangHyangTapak.xml,Sang Hyang Tapak Charter of Jayabhūpati (952 Śaka),kaw-Latn,1030,11,300,True,13,28,259,2,1,2
DHARMA_INSIDENKSangMakudur.xml,"Sang Makudur (~830 Śaka, ~908 CE)",,908,10,0,False,0,0,0,0,0,0
DHARMA_INSIDENKSangsang.xml,Sangsang,kaw-Latn,,,581,True,14,53,514,1,1,8
DHARMA_INSIDENKSankara.xml,Sankara,san-Latn,,,177,True,8,1,168,1,1,1
DHARMA_INSIDENKSarwadharma.xml,Sarwadharma (1191 Śaka),kaw-Latn,1269,13,1026,True,38,91,897,3,1,6
DHARMA_INSIDENKSatyapura.xml,Satyapura,kaw-Latn,,,177,True,7,12,158,3,0,2
DHARMA_INSIDENKSelamandi_I.xml,Selamandi I,kaw-Latn,,,173,True,5,3,165,1,0,0
DHARMA_INSIDENKSelamandi_II.xml,Śelamaṇḍi II,kaw-Latn,,,168,True,3,0,165,1,1,0
DHARMA_INSIDENKSikuLalawa.xml,Stray plate of a foundation bordering on Halaṅan and Taratap (13th c. CE),kaw-Latn,,,216,True,0,5,211,1,0,1
DHARMA_INSIDENKSilamanikundala.xml,Foundation of a Dam Called Śilāmaṇi-kuṇḍala (1272 Śaka),kaw-Latn,1350,14,178,True,6,3,169,4,0,0
DHARMA_INSIDENKSimaAnglayang.xml,Sima Anglayang charter (in or after 968 Śaka),kaw-Latn,1046,11,2216,False,51,108,2057,2,2,12
DHARMA_INSIDENKSindoro-PuBahut.xml,Pu Bahut (828 Śaka),kaw-Latn,906,10,238,True,7,12,219,2,0,3
DHARMA_INSIDENKSindoro-PuMamruk.xml,Pu Mamruk (828 Śaka),kaw-Latn,906,10,209,True,4,15,190,2,0,2
DHARMA_INSIDENKSojomerto.xml,Sojomerto (7th or 8th century CE),omy-Latn,,,37,True,1,0,36,0,0,0
DHARMA_INSIDENKSriManggalaII.xml,Sri Manggala II (796 Śaka),kaw-Latn,874,9,100,True,9,6,85,2,0,3
DHARMA_INSIDENKSriManggalaIII.xml,Sri Manggala III (796 Śaka),kaw-Latn,874,9,82,True,6,7,69,2,0,2
DHARMA_INSIDENKSugihManek.xml,"Sugih Manek Charter (837 Śaka, 915-09-13)",kaw-Latn,915,10,1178,True,32,83,1063,3,0,13
DHARMA_INSIDENKSukhamerta.xml,Sukhamerta,kaw-Latn,,,990,True,64,48,878,6,1,12
DHARMA_INSIDENKSumundul.xml,Sumundul (791 Śaka),kaw-Latn,869,9,82,True,4,8,70,1,0,1
DHARMA_INSIDENKTaji.xml,"The Charter of Taji (823 Śaka, 8 April 901)",kaw-Latn,901,10,1092,True,32,87,973,2,1,9
DHARMA_INSIDENKTajiGunung.xml,"Taji Gunung (Sañjaya 194, 910-12-21)",kaw-Latn,,,838,True,14,106,718,4,2,5
DHARMA_INSIDENKTalan.xml,Charter of Talan (941 and 1058 Śaka),kaw-Latn,1136,12,973,True,61,28,884,3,1,14
DHARMA_INSIDENKTaragal.xml,The Polengan plates: Taragal Charter (802 Śaka),kaw-Latn,880,9,436,True,8,36,392,3,0,5
DHARMA_INSIDENKTelahap.xml,Telahap Stone,kaw-Latn,,,19,False,3,0,16,0,0,0
DHARMA_INSIDENKTelangI-WanagiriI.xml,"Grant of the villages of Telang, Mahe and Paparuhan",kaw-Latn,,,637,False,10,45,582,2,1,8
DHARMA_INSIDENKTelangII-WanagiriII.xml,"Telang II / Wanagiri II (825 Ś, 904-01-11)",,,,164,False,12,8,144,0,1,3
DHARMA_INSIDENKTerep_I.xml,Terep I,kaw-Latn,,,311,False,37,10,264,3,0,7
DHARMA_INSIDENKTerep_II.xml,Terep II,kaw-Latn,,,352,False,17,20,315,2,0,3
DHARMA_INSIDENKTigaRon-TluRon.xml,Charter of Tiga Ron also called Təlu Ron (822 Śaka – 900-03-30),kaw-Latn,900,9,540,True,20,49,471,4,1,5
DHARMA_INSIDENKTihang.xml,"Tihang charter (Sañjaya 198, 836 Śaka, 914-11-08 CE)",kaw-Latn,914,10,391,True,16,35,340,1,0,6
DHARMA_INSIDENKTija-HaruHaru.xml,Tija & Haru-Haru (11th c. CE?),kaw-Latn,,,432,True,15,29,388,3,0,4
DHARMA_INSIDENKTimbananWungkal.xml,"Timbanan Wungkal (Sañjaya 196, 913-02-11)",kaw-Latn,,,224,True,11,13,200,0,0,6
DHARMA_INSIDENKTirah.xml,Tirah,kaw-Latn,,,122,True,2,0,120,1,0,1
DHARMA_INSIDENKTugu.xml,Tugu Boulder Inscription of Pūrṇavarman (ca. 6th c. CE),san-Latn,,,57,True,5,0,52,1,0,0
DHARMA_INSIDENKTuhanyaru.xml,Tuhanyaru,kaw-Latn,,,1823,True,63,61,1699,7,1,11
DHARMA_INSIDENKTukMas.xml,Praise of a mountain stream (mid-7th c. CE),san-Latn,,,21,True,0,0,21,0,0,0
DHARMA_INSIDENKTulangan.xml,"Tulangan (832 Śaka, 910-08-13)",,910,10,76,False,9,1,66,1,1,0
DHARMA_INSIDENKTulangEr.xml,Tulang Er III (914-12-30),kaw-Latn,,,652,True,38,38,576,4,0,7
DHARMA_INSIDENKTunahan.xml,The Polengan plates: Tunahan Charter (794 Śaka),kaw-Latn,872,9,166,True,10,15,141,2,0,3
DHARMA_INSIDENKTuruMangambil.xml,"Turu Mangambil (~830 Śaka, ~908 CE)",,908,10,0,False,0,0,0,0,0,0
DHARMA_INSIDENKTuwuhada.xml,Tuwuhada,,,,125,False,4,8,113,2,0,1
DHARMA_INSIDENKUpitI.xml,Upit I (788 Śaka),kaw-Latn,866,9,20,True,3,1,16,1,0,1
DHARMA_INSIDENKWalanditA.xml,Walandit A,kaw-Latn,,,73,True,8,2,63,0,0,1
DHARMA_INSIDENKWangkud.xml,Demarcation of Asam Panjang (874 CE),kaw-Latn,874,9,41,True,4,3,34,0,0,1
DHARMA_INSIDENKWanuaTengahIII.xml,Wanua Tengah III,kaw-Latn,,,1962,True,101,107,1754,4,1,15
DHARMA_INSIDENKWatuGenuk.xml,Watu Genuk slab (8th c. CE),san-Latn,,,56,True,2,0,54,0,0,0
DHARMA_INSIDENKWatuKuraI.xml,Charter of Watu Kura I,kaw-Latn,,,538,True,20,24,494,1,0,2
DHARMA_INSIDENKWatuRidang.xml,"Watu Ridang (832 Śaka, 910-03-22)",,910,10,572,False,32,29,511,6,0,9
DHARMA_INSIDENKWayuku.xml,Wayuku (776 Śaka),kaw-Latn,854,9,26,True,3,1,22,0,0,3
DHARMA_INSIDENKWintangMasI.xml,Wintang Mas I (800 Śaka),kaw-Latn,878,9,275,True,9,29,237,0,1,3
DHARMA_INSIDENKWintangMasII.xml,"Wintang Mas II (841 Śaka, 919-10-12)",kaw-Latn,919,10,252,True,28,33,191,0,0,7
DHARMA_INSIDENKWuangGot.xml,Wuang Got,kaw-Latn,,,59,True,0,11,48,0,0,3
DHARMA_INSIDENKWukiran.xml,"Stela of Pereng, also known as Wukiran inscription (784 Śaka, 863-1-25 CE)",kaw-Latn,862,9,178,True,10,10,158,2,1,7
DHARMA_INSIDENKWunganDaik.xml,Wungan Daik,,,,331,False,1,36,294,1,0,4
DHARMA_INSIDENKWurare.xml,Wurare,san-Latn,,,253,True,13,0,240,1,0,4
DHARMA_INSIDENKWuruduKidul.xml,Wurudu Kidul,kaw-Latn,,,518,True,11,57,450,3,1,6
DHARMA_INSIDENKWuruTunggal.xml,Wuru Tunggal (833 Śaka),kaw-Latn,911,10,102,True,6,14,82,3,1,0
