population_label,population_n,concentration_factor,heartland_density_pct,rpp_nap,threshold,alpha,nap_rise_pp,detects
floor,631059,1.0,9.0,2.0,0.15,0.4,6.61,False
floor,631059,1.0,9.0,2.0,0.15,0.55,9.09,False
floor,631059,1.0,9.0,2.0,0.15,0.7,11.57,False
floor,631059,1.0,9.0,2.0,0.175,0.4,6.61,False
floor,631059,1.0,9.0,2.0,0.175,0.55,9.09,False
floor,631059,1.0,9.0,2.0,0.175,0.7,11.57,False
floor,631059,1.0,9.0,2.0,0.2,0.4,6.61,False
floor,631059,1.0,9.0,2.0,0.2,0.55,9.09,False
floor,631059,1.0,9.0,2.0,0.2,0.7,11.57,False
floor,631059,1.0,9.0,3.0,0.15,0.4,9.16,False
floor,631059,1.0,9.0,3.0,0.15,0.55,12.59,False
floor,631059,1.0,9.0,3.0,0.15,0.7,16.03,True
floor,631059,1.0,9.0,3.0,0.175,0.4,9.16,False
floor,631059,1.0,9.0,3.0,0.175,0.55,12.59,False
floor,631059,1.0,9.0,3.0,0.175,0.7,16.03,False
floor,631059,1.0,9.0,3.0,0.2,0.4,9.16,False
floor,631059,1.0,9.0,3.0,0.2,0.55,12.59,False
floor,631059,1.0,9.0,3.0,0.2,0.7,16.03,False
floor,631059,1.0,9.0,4.0,0.15,0.4,11.34,False
floor,631059,1.0,9.0,4.0,0.15,0.55,15.6,True
floor,631059,1.0,9.0,4.0,0.15,0.7,19.85,True
floor,631059,1.0,9.0,4.0,0.175,0.4,11.34,False
floor,631059,1.0,9.0,4.0,0.175,0.55,15.6,False
floor,631059,1.0,9.0,4.0,0.175,0.7,19.85,True
floor,631059,1.0,9.0,4.0,0.2,0.4,11.34,False
floor,631059,1.0,9.0,4.0,0.2,0.55,15.6,False
floor,631059,1.0,9.0,4.0,0.2,0.7,19.85,False
floor,631059,2.0,18.0,2.0,0.15,0.4,12.21,False
floor,631059,2.0,18.0,2.0,0.15,0.55,16.79,True
floor,631059,2.0,18.0,2.0,0.15,0.7,21.37,True
floor,631059,2.0,18.0,2.0,0.175,0.4,12.21,False
floor,631059,2.0,18.0,2.0,0.175,0.55,16.79,False
floor,631059,2.0,18.0,2.0,0.175,0.7,21.37,True
floor,631059,2.0,18.0,2.0,0.2,0.4,12.21,False
floor,631059,2.0,18.0,2.0,0.2,0.55,16.79,False
floor,631059,2.0,18.0,2.0,0.2,0.7,21.37,True
floor,631059,2.0,18.0,3.0,0.15,0.4,15.89,True
floor,631059,2.0,18.0,3.0,0.15,0.55,21.85,True
floor,631059,2.0,18.0,3.0,0.15,0.7,27.81,True
floor,631059,2.0,18.0,3.0,0.175,0.4,15.89,False
floor,631059,2.0,18.0,3.0,0.175,0.55,21.85,True
floor,631059,2.0,18.0,3.0,0.175,0.7,27.81,True
floor,631059,2.0,18.0,3.0,0.2,0.4,15.89,False
floor,631059,2.0,18.0,3.0,0.2,0.55,21.85,True
floor,631059,2.0,18.0,3.0,0.2,0.7,27.81,True
floor,631059,2.0,18.0,4.0,0.15,0.4,18.71,True
floor,631059,2.0,18.0,4.0,0.15,0.55,25.73,True
floor,631059,2.0,18.0,4.0,0.15,0.7,32.74,True
floor,631059,2.0,18.0,4.0,0.175,0.4,18.71,True
floor,631059,2.0,18.0,4.0,0.175,0.55,25.73,True
floor,631059,2.0,18.0,4.0,0.175,0.7,32.74,True
floor,631059,2.0,18.0,4.0,0.2,0.4,18.71,False
floor,631059,2.0,18.0,4.0,0.2,0.55,25.73,True
floor,631059,2.0,18.0,4.0,0.2,0.7,32.74,True
floor,631059,4.0,36.0,2.0,0.15,0.4,21.19,True
floor,631059,4.0,36.0,2.0,0.15,0.55,29.13,True
floor,631059,4.0,36.0,2.0,0.15,0.7,37.08,True
floor,631059,4.0,36.0,2.0,0.175,0.4,21.19,True
floor,631059,4.0,36.0,2.0,0.175,0.55,29.13,True
floor,631059,4.0,36.0,2.0,0.175,0.7,37.08,True
floor,631059,4.0,36.0,2.0,0.2,0.4,21.19,True
floor,631059,4.0,36.0,2.0,0.2,0.55,29.13,True
floor,631059,4.0,36.0,2.0,0.2,0.7,37.08,True
floor,631059,4.0,36.0,3.0,0.15,0.4,25.13,True
floor,631059,4.0,36.0,3.0,0.15,0.55,34.55,True
floor,631059,4.0,36.0,3.0,0.15,0.7,43.97,True
floor,631059,4.0,36.0,3.0,0.175,0.4,25.13,True
floor,631059,4.0,36.0,3.0,0.175,0.55,34.55,True
floor,631059,4.0,36.0,3.0,0.175,0.7,43.97,True
floor,631059,4.0,36.0,3.0,0.2,0.4,25.13,True
floor,631059,4.0,36.0,3.0,0.2,0.55,34.55,True
floor,631059,4.0,36.0,3.0,0.2,0.7,43.97,True
floor,631059,4.0,36.0,4.0,0.15,0.4,27.7,True
floor,631059,4.0,36.0,4.0,0.15,0.55,38.09,True
floor,631059,4.0,36.0,4.0,0.15,0.7,48.48,True
floor,631059,4.0,36.0,4.0,0.175,0.4,27.7,True
floor,631059,4.0,36.0,4.0,0.175,0.55,38.09,True
floor,631059,4.0,36.0,4.0,0.175,0.7,48.48,True
floor,631059,4.0,36.0,4.0,0.2,0.4,27.7,True
floor,631059,4.0,36.0,4.0,0.2,0.55,38.09,True
floor,631059,4.0,36.0,4.0,0.2,0.7,48.48,True
central,1270000,1.0,18.1,2.0,0.15,0.4,12.28,False
central,1270000,1.0,18.1,2.0,0.15,0.55,16.88,True
central,1270000,1.0,18.1,2.0,0.15,0.7,21.48,True
central,1270000,1.0,18.1,2.0,0.175,0.4,12.28,False
central,1270000,1.0,18.1,2.0,0.175,0.55,16.88,False
central,1270000,1.0,18.1,2.0,0.175,0.7,21.48,True
central,1270000,1.0,18.1,2.0,0.2,0.4,12.28,False
central,1270000,1.0,18.1,2.0,0.2,0.55,16.88,False
central,1270000,1.0,18.1,2.0,0.2,0.7,21.48,True
central,1270000,1.0,18.1,3.0,0.15,0.4,15.96,True
central,1270000,1.0,18.1,3.0,0.15,0.55,21.95,True
central,1270000,1.0,18.1,3.0,0.15,0.7,27.94,True
central,1270000,1.0,18.1,3.0,0.175,0.4,15.96,False
central,1270000,1.0,18.1,3.0,0.175,0.55,21.95,True
central,1270000,1.0,18.1,3.0,0.175,0.7,27.94,True
central,1270000,1.0,18.1,3.0,0.2,0.4,15.96,False
central,1270000,1.0,18.1,3.0,0.2,0.55,21.95,True
central,1270000,1.0,18.1,3.0,0.2,0.7,27.94,True
central,1270000,1.0,18.1,4.0,0.15,0.4,18.79,True
central,1270000,1.0,18.1,4.0,0.15,0.55,25.83,True
central,1270000,1.0,18.1,4.0,0.15,0.7,32.87,True
central,1270000,1.0,18.1,4.0,0.175,0.4,18.79,True
central,1270000,1.0,18.1,4.0,0.175,0.55,25.83,True
central,1270000,1.0,18.1,4.0,0.175,0.7,32.87,True
central,1270000,1.0,18.1,4.0,0.2,0.4,18.79,False
central,1270000,1.0,18.1,4.0,0.2,0.55,25.83,True
central,1270000,1.0,18.1,4.0,0.2,0.7,32.87,True
central,1270000,2.0,36.3,2.0,0.15,0.4,21.28,True
central,1270000,2.0,36.3,2.0,0.15,0.55,29.27,True
central,1270000,2.0,36.3,2.0,0.15,0.7,37.25,True
central,1270000,2.0,36.3,2.0,0.175,0.4,21.28,True
central,1270000,2.0,36.3,2.0,0.175,0.55,29.27,True
central,1270000,2.0,36.3,2.0,0.175,0.7,37.25,True
central,1270000,2.0,36.3,2.0,0.2,0.4,21.28,True
central,1270000,2.0,36.3,2.0,0.2,0.55,29.27,True
central,1270000,2.0,36.3,2.0,0.2,0.7,37.25,True
central,1270000,2.0,36.3,3.0,0.15,0.4,25.22,True
central,1270000,2.0,36.3,3.0,0.15,0.55,34.67,True
central,1270000,2.0,36.3,3.0,0.15,0.7,44.13,True
central,1270000,2.0,36.3,3.0,0.175,0.4,25.22,True
central,1270000,2.0,36.3,3.0,0.175,0.55,34.67,True
central,1270000,2.0,36.3,3.0,0.175,0.7,44.13,True
central,1270000,2.0,36.3,3.0,0.2,0.4,25.22,True
central,1270000,2.0,36.3,3.0,0.2,0.55,34.67,True
central,1270000,2.0,36.3,3.0,0.2,0.7,44.13,True
central,1270000,2.0,36.3,4.0,0.15,0.4,27.78,True
central,1270000,2.0,36.3,4.0,0.15,0.55,38.2,True
central,1270000,2.0,36.3,4.0,0.15,0.7,48.62,True
central,1270000,2.0,36.3,4.0,0.175,0.4,27.78,True
central,1270000,2.0,36.3,4.0,0.175,0.55,38.2,True
central,1270000,2.0,36.3,4.0,0.175,0.7,48.62,True
central,1270000,2.0,36.3,4.0,0.2,0.4,27.78,True
central,1270000,2.0,36.3,4.0,0.2,0.55,38.2,True
central,1270000,2.0,36.3,4.0,0.2,0.7,48.62,True
central,1270000,4.0,72.5,2.0,0.15,0.4,33.62,True
central,1270000,4.0,72.5,2.0,0.15,0.55,46.23,True
central,1270000,4.0,72.5,2.0,0.15,0.7,58.84,True
central,1270000,4.0,72.5,2.0,0.175,0.4,33.62,True
central,1270000,4.0,72.5,2.0,0.175,0.55,46.23,True
central,1270000,4.0,72.5,2.0,0.175,0.7,58.84,True
central,1270000,4.0,72.5,2.0,0.2,0.4,33.62,True
central,1270000,4.0,72.5,2.0,0.2,0.55,46.23,True
central,1270000,4.0,72.5,2.0,0.2,0.7,58.84,True
central,1270000,4.0,72.5,3.0,0.15,0.4,35.51,True
central,1270000,4.0,72.5,3.0,0.15,0.55,48.83,True
central,1270000,4.0,72.5,3.0,0.15,0.7,62.14,True
central,1270000,4.0,72.5,3.0,0.175,0.4,35.51,True
central,1270000,4.0,72.5,3.0,0.175,0.55,48.83,True
central,1270000,4.0,72.5,3.0,0.175,0.7,62.14,True
central,1270000,4.0,72.5,3.0,0.2,0.4,35.51,True
central,1270000,4.0,72.5,3.0,0.2,0.55,48.83,True
central,1270000,4.0,72.5,3.0,0.2,0.7,62.14,True
central,1270000,4.0,72.5,4.0,0.15,0.4,36.54,True
central,1270000,4.0,72.5,4.0,0.15,0.55,50.24,True
central,1270000,4.0,72.5,4.0,0.15,0.7,63.94,True
central,1270000,4.0,72.5,4.0,0.175,0.4,36.54,True
central,1270000,4.0,72.5,4.0,0.175,0.55,50.24,True
central,1270000,4.0,72.5,4.0,0.175,0.7,63.94,True
central,1270000,4.0,72.5,4.0,0.2,0.4,36.54,True
central,1270000,4.0,72.5,4.0,0.2,0.55,50.24,True
central,1270000,4.0,72.5,4.0,0.2,0.7,63.94,True
