filename,title,lang,total_words,unique_words,ttr,guiraud,mean_word_length,hapax_ratio,hapax_count,sanskrit_phon_ratio,sanskrit_sem_ratio,sanskrit_sem_count,indigenous_count,formulaic_ratio,nf_ttr,nf_guiraud,nf_word_count,year_ce,century
DHARMA_INSIDENK00007.xml,"Dharmasraya A (Padang Roco Amoghapāśa base), 1286 CE",omy-Latn,119,107,0.8991596638655462,9.808673918201862,6.605042016806722,0.8319327731092437,99,0.6448598130841121,0.205607476635514,22,0,0.1092436974789916,0.8867924528301887,9.130087106158284,106,1286.0,13.0
DHARMA_INSIDENK00050.xml,"Pillar from Kota Kapur (N. 50), 608 Śaka",omy-Latn,234,135,0.5769230769230769,8.82522608121828,5.547008547008547,0.3888888888888889,91,0.5851851851851851,0.037037037037037035,5,2,0.029914529914529916,0.5682819383259912,8.562030719639639,227,686.0,7.0
DHARMA_INSIDENK00066.xml,"Śrīkṣetra Dedication: Slab from Talang Tuwo (N. 66), 606 Śaka",omy-Latn,243,177,0.7283950617283951,11.35455529406264,5.407407407407407,0.6172839506172839,150,0.632768361581921,0.04519774011299435,8,1,0.024691358024691357,0.7215189873417721,11.107643622093889,237,684.0,7.0
DHARMA_INSIDENK00096.xml,"Stela from Bukit Gombak (N. 96), 1278 Śaka",omy-Latn,237,196,0.8270042194092827,12.731568128247966,6.248945147679325,0.7088607594936709,168,0.6173469387755102,0.02040816326530612,4,0,0.004219409282700422,0.826271186440678,12.693418820630328,236,1356.0,14.0
DHARMA_INSIDENK00351.xml,"Foundation of Sarungga's Hermitage (N. 351), 823 Śaka",kaw-Latn,16,16,1.0,4.0,4.6875,1.0,16,0.625,0.3125,5,0,0.3125,1.0,3.3166247903554,11,901.0,10.0
DHARMA_INSIDENK00526.xml,Kamalagyan charter (959 Śaka),kaw-Latn,819,468,0.5714285714285714,16.353243452861925,5.694749694749695,0.4432234432234432,363,0.43803418803418803,0.04487179487179487,21,5,0.018315018315018316,0.5659203980099502,16.04661276078311,804,1037.0,11.0
DHARMA_INSIDENKAbhayananda.xml,Abhayananda (779 Śaka),kaw-Latn,34,34,1.0,5.8309518948453,4.647058823529412,1.0,34,0.47058823529411764,0.14705882352941177,5,1,0.08823529411764706,1.0,5.567764362830022,31,857.0,9.0
DHARMA_INSIDENKAdanAdan.xml,Adan-Adan (1223 Śaka),kaw-Latn,1453,957,0.6586373021335169,25.106092848983405,6.0605643496214725,0.5650378527185134,821,0.4482758620689655,0.03343782654127482,32,4,0.011011699931176875,0.6555323590814196,24.84977831399502,1437,1301.0,14.0
DHARMA_INSIDENKAirAsih.xml,Air Asih (between 1177 and 1208 Śaka),kaw-Latn,274,184,0.6715328467153284,11.115846517275257,5.37956204379562,0.5693430656934306,156,0.45652173913043476,0.03260869565217391,6,1,0.0,0.6715328467153284,11.115846517275257,274,1286.0,13.0
DHARMA_INSIDENKAirKali.xml,Air Kali (849-850 Śaka),kaw-Latn,330,266,0.806060606060606,14.642818076180596,5.887878787878788,0.7090909090909091,234,0.42857142857142855,0.015037593984962405,4,3,0.0030303030303030303,0.8054711246200608,14.609922930129239,329,928.0,10.0
DHARMA_INSIDENKAyamTeas_I.xml,Ayam Teas I (822 Śaka),kaw-Latn,193,155,0.8031088082901554,11.157144136604765,4.922279792746114,0.7046632124352331,136,0.3225806451612903,0.07096774193548387,11,2,0.03626943005181347,0.7956989247311828,10.851886511580144,186,900.0,9.0
DHARMA_INSIDENKAyamTeas_III.xml,"Charter of Ayam Teas III (822 Śaka, 901-01-01)",kaw-Latn,216,172,0.7962962962962963,11.703117659964073,4.986111111111111,0.6805555555555556,147,0.20348837209302326,0.029069767441860465,5,3,0.013888888888888888,0.7934272300469484,11.579689196085285,213,901.0,10.0
DHARMA_INSIDENKBalekambang.xml,Prayer for long life of Vijaya (7th c. CE),san-Latn,21,20,0.9523809523809523,4.364357804719848,4.666666666666667,0.9047619047619048,19,0.6,0.0,0,0,0.0,0.9523809523809523,4.364357804719848,21,650.0,7.0
DHARMA_INSIDENKBarahasrama.xml,"Barahasrama (837 Śaka, 915-12-14)",kaw-Latn,677,385,0.568685376661743,14.796752008963692,5.128508124076809,0.43722304283604135,296,0.34285714285714286,0.04155844155844156,16,3,0.014771048744460856,0.5637181409295352,14.558778142052487,667,915.0,10.0
DHARMA_INSIDENKBhatari.xml,"Bhatari (829 Śaka, 907-10-07)",unknown,394,224,0.5685279187817259,11.284956969661275,4.50507614213198,0.4416243654822335,174,0.29464285714285715,0.049107142857142856,11,5,0.017766497461928935,0.5607235142118863,11.030729920725072,387,907.0,10.0
DHARMA_INSIDENKBularut.xml,Bularut charter (964 Śaka),kaw-Latn,1234,812,0.6580226904376013,23.11524225776862,4.736628849270664,0.5486223662884927,677,0.04556650246305419,0.0049261083743842365,4,4,0.0016207455429497568,0.6574675324675324,23.077016733076682,1232,1042.0,11.0
DHARMA_INSIDENKCanggal.xml,The stela of Canggal or Gunung Wukir (654 Śaka),san-Latn,374,346,0.9251336898395722,17.891234073827665,6.136363636363637,0.8743315508021391,327,0.6560693641618497,0.005780346820809248,2,0,0.0,0.9251336898395722,17.891234073827665,374,732.0,8.0
DHARMA_INSIDENKDalinan.xml,"Charter for the demarcation of Wukajana, Tumpak & Wuru Telu villages for the monastery at Dalinan (825 Śaka, 5 March 904)",kaw-Latn,1549,812,0.5242091672046482,20.631477013781012,4.514525500322789,0.4144609425435765,642,0.3583743842364532,0.01600985221674877,13,8,0.003873466752743706,0.5223590408295529,20.51880568913843,1543,903.0,10.0
DHARMA_INSIDENKDawangsari.xml,"A poem in honor of Gaṇeśa found at Dawangsari, 9th c. CE",kaw-Latn,127,108,0.8503937007874016,9.583450301694029,5.448818897637795,0.7401574803149606,94,0.4166666666666667,0.009259259259259259,1,0,0.0,0.8503937007874016,9.583450301694029,127,850.0,9.0
DHARMA_INSIDENKDinoyoIIa.xml,Two connected charters on a stone from Dinoyo (772 and 786 Śaka),kaw-Latn,226,159,0.7035398230088495,10.576522673280055,4.553097345132743,0.5309734513274337,120,0.34591194968553457,0.06289308176100629,10,4,0.05752212389380531,0.7136150234741784,10.414868389378482,213,864.0,9.0
DHARMA_INSIDENKDisunuh.xml,Disunuh (709 Śaka),kaw-Latn,71,50,0.704225352112676,5.933908290969266,4.690140845070423,0.6056338028169014,43,0.6,0.16,8,1,0.08450704225352113,0.676923076923077,5.457528321925173,65,787.0,8.0
DHARMA_INSIDENKGajahMada.xml,Gajah Mada's foundation of a caitya (1351-04-27),kaw-Latn,123,97,0.7886178861788617,8.746195456274092,6.203252032520325,0.6747967479674797,83,0.5773195876288659,0.09278350515463918,9,0,0.08130081300813008,0.7876106194690266,8.372415728614016,113,1351.0,14.0
DHARMA_INSIDENKGondangLor.xml,Akṣobhya Statue from Gondang Lor (11th or 12th c. CE),san-Latn,54,53,0.9814814814814815,7.21238646486158,5.925925925925926,0.9629629629629629,52,0.6226415094339622,0.018867924528301886,1,0,0.0,0.9814814814814815,7.21238646486158,54,1150.0,12.0
DHARMA_INSIDENKGulungGulung.xml,Gulung-Gulung (851 Śaka),kaw-Latn,1512,863,0.5707671957671958,22.193965169547553,4.9411375661375665,0.4523809523809524,684,0.3603707995365006,0.027809965237543453,24,7,0.008597883597883597,0.5677118078719147,21.98005342347919,1499,929.0,10.0
DHARMA_INSIDENKHampran.xml,Gift of Hampran village (674 Śaka),unknown,62,59,0.9516129032258065,7.493007493011239,5.596774193548387,0.9032258064516129,56,0.5254237288135594,0.03389830508474576,2,0,0.03225806451612903,0.95,7.358668357794092,60,752.0,8.0
DHARMA_INSIDENKHering.xml,Charter of Hering (870 Śaka),san-Latn,1198,676,0.5642737896494157,19.530721487006183,4.613522537562605,0.4574290484140234,548,0.30029585798816566,0.03106508875739645,21,5,0.008347245409015025,0.5606060606060606,19.32261981108246,1188,948.0,10.0
DHARMA_INSIDENKHorren.xml,"Charter of Horren, ca. 975 Śaka",kaw-Latn,162,122,0.7530864197530864,9.58522525608431,6.203703703703703,0.654320987654321,106,0.4098360655737705,0.03278688524590164,4,2,0.0,0.7530864197530864,9.58522525608431,162,1053.0,11.0
DHARMA_INSIDENKHujungGaluh-Sangsang.xml,Hujung Galuh / Sangsang (907-05-04),unknown,573,355,0.6195462478184991,14.830337756624667,5.19022687609075,0.4816753926701571,276,0.39436619718309857,0.03943661971830986,14,7,0.012216404886561954,0.6148409893992933,14.627531039480111,566,907.0,10.0
DHARMA_INSIDENKHumanding.xml,The Polengan plates: Humanding charter (797 Śaka),kaw-Latn,486,246,0.5061728395061729,11.158786606012256,4.561728395061729,0.3950617283950617,192,0.2845528455284553,0.044715447154471545,11,3,0.01440329218106996,0.4989561586638831,10.920188731000396,479,875.0,9.0
DHARMA_INSIDENKHuwung.xml,Demarcation of Huwung (822/823 CE),kaw-Latn,42,41,0.9761904761904762,6.3264373484457685,4.619047619047619,0.9523809523809523,40,0.21951219512195122,0.0,0,1,0.0,0.9761904761904762,6.3264373484457685,42,823.0,9.0
DHARMA_INSIDENKJeruJeru.xml,Jeru-Jeru (852 Śaka),kaw-Latn,1331,789,0.5927873779113448,21.626586442895952,5.182569496619084,0.48159278737791134,641,0.3472750316856781,0.025348542458808618,20,9,0.007513148009015778,0.5912187736563209,21.488179593106224,1321,930.0,10.0
DHARMA_INSIDENKJurungan.xml,The Polengan plates: Jurungan charter (798 Śaka),kaw-Latn,1175,475,0.40425531914893614,13.857174192299983,4.497872340425532,0.3140425531914894,369,0.36210526315789476,0.021052631578947368,10,6,0.005106382978723404,0.40119760479041916,13.717203674463196,1169,876.0,9.0
DHARMA_INSIDENKKanjuruhan.xml,The Kanjuruhan Charter (682 Śaka),san-Latn,219,203,0.9269406392694064,13.717468781509565,5.488584474885845,0.8858447488584474,194,0.5812807881773399,0.029556650246305417,6,0,0.0228310502283105,0.9252336448598131,13.535001355088333,214,760.0,8.0
DHARMA_INSIDENKKarangloMojokerto.xml,Karang Lo (1019 Śaka),kaw-Latn,12,12,1.0,3.464101615137755,5.083333333333333,1.0,12,0.3333333333333333,0.0,0,1,0.0,1.0,3.464101615137755,12,1097.0,11.0
DHARMA_INSIDENKKasugihan.xml,"Kasugihan (829 Śaka, 907-11-18)",kaw-Latn,340,202,0.5941176470588235,10.954988119842136,5.247058823529412,0.46176470588235297,157,0.28217821782178215,0.0594059405940594,12,5,0.023529411764705882,0.5843373493975904,10.647133218999963,332,907.0,10.0
DHARMA_INSIDENKKayuAraHiwang.xml,Kayu Ara Hiwang (823 Śaka),kaw-Latn,435,233,0.535632183908046,11.171494924609451,4.429885057471265,0.4114942528735632,179,0.26180257510729615,0.03862660944206009,9,5,0.011494252873563218,0.5302325581395348,10.995136345485397,430,901.0,10.0
DHARMA_INSIDENKKayumwungan.xml,Kayumwungan charter of the Veṇuvanavihāra (746 Śaka),kaw-Latn,689,437,0.6342525399129173,16.648374093044186,5.2917271407837445,0.5471698113207547,377,0.5194508009153318,0.02288329519450801,10,4,0.011611030478955007,0.631424375917768,16.477635802645967,681,824.0,9.0
DHARMA_INSIDENKKetanen.xml,"Ketanen (826 Ś, 904/905)",unknown,153,134,0.8758169934640523,10.83325791828954,5.03921568627451,0.8169934640522876,125,0.27611940298507465,0.022388059701492536,3,1,0.006535947712418301,0.875,10.78772450519571,152,904.0,10.0
DHARMA_INSIDENKKinewu.xml,Kinewu (829 Śaka – 907-11-20),unknown,429,301,0.7016317016317016,14.532416942516553,5.0955710955710956,0.5757575757575758,247,0.38205980066445183,0.046511627906976744,14,3,0.011655011655011656,0.6981132075471698,14.375030762887508,424,907.0,10.0
DHARMA_INSIDENKKiringan.xml,Kiringan (917-11-14),kaw-Latn,222,141,0.6351351351351351,9.463300378517744,4.972972972972973,0.4774774774774775,106,0.2553191489361702,0.0425531914893617,6,4,0.02252252252252252,0.6267281105990783,9.232281572908978,217,917.0,10.0
DHARMA_INSIDENKKubu-Kubu.xml,"Kubu-Kubu (827 Ś, 905-10-17)",kaw-Latn,871,506,0.5809414466130884,17.145155933563938,4.929965556831228,0.45464982778415614,396,0.3359683794466403,0.023715415019762844,12,6,0.006888633754305396,0.5780346820809249,17.000510022951147,865,905.0,10.0
DHARMA_INSIDENKKusambyan.xml,Kusambyan charter (945 Śaka),kaw-Latn,293,203,0.6928327645051194,11.859386628090816,5.249146757679181,0.5733788395904437,168,0.4433497536945813,0.04926108374384237,10,2,0.010238907849829351,0.6931034482758621,11.80312641224554,290,1023.0,11.0
DHARMA_INSIDENKLaguna.xml,Laguna Copper plate (820 Śaka),omy-Latn,140,93,0.6642857142857143,7.859934568975204,5.064285714285714,0.5428571428571428,76,0.5268817204301075,0.08602150537634409,8,2,0.05,0.6466165413533834,7.457145737907432,133,898.0,9.0
DHARMA_INSIDENKLanda.xml,Resources of the temple at Landa (late 9th c. CE),kaw-Latn,135,80,0.5925925925925926,6.885303726590964,5.2592592592592595,0.3925925925925926,53,0.325,0.025,2,2,0.014814814814814815,0.5939849624060151,6.850168759240548,133,850.0,9.0
DHARMA_INSIDENKLinggasuntan.xml,Linggasuntan (851 Śaka),kaw-Latn,1648,935,0.5673543689320388,23.032071877090353,5.049757281553398,0.46177184466019416,761,0.3625668449197861,0.019251336898395723,18,4,0.006674757281553398,0.5650580329871716,22.862167012624454,1637,929.0,10.0
DHARMA_INSIDENKLintakan.xml,"Lintakan (841 Śaka, 919-07-12)",kaw-Latn,1871,823,0.4398717263495457,19.02667681928918,4.932656333511491,0.34206306787814006,640,0.35236938031591736,0.026731470230862697,22,6,0.005879208979155532,0.43655913978494626,18.827799167862832,1860,919.0,10.0
DHARMA_INSIDENKMadhawapura.xml,Madhawapura (13th c. CE),kaw-Latn,501,347,0.6926147704590818,15.502816690824329,5.0199600798403194,0.590818363273453,296,0.27953890489913547,0.011527377521613832,4,4,0.0,0.6926147704590818,15.502816690824329,501,1250.0,13.0
DHARMA_INSIDENKMamali.xml,The Polengan plates: Mamali Charter (800 Śaka),kaw-Latn,243,153,0.6296296296296297,9.814954576223638,5.148148148148148,0.5102880658436214,124,0.3202614379084967,0.05228758169934641,8,5,0.024691358024691357,0.620253164556962,9.548676096185975,237,878.0,9.0
DHARMA_INSIDENKManahimanuk.xml,Manah i Manuk Charter (1350–1356 CE),kaw-Latn,664,434,0.6536144578313253,16.842466407827423,5.653614457831325,0.5195783132530121,345,0.423963133640553,0.03686635944700461,16,6,0.012048192771084338,0.6554878048780488,16.788679403025153,656,1356.0,14.0
DHARMA_INSIDENKManjusrigerha.xml,Manjusrigerha (792 CE),omy-Latn,146,117,0.8013698630136986,9.682988896647705,5.890410958904109,0.6575342465753424,96,0.5982905982905983,0.07692307692307693,9,1,0.04794520547945205,0.7913669064748201,9.330078226479682,139,792.0,8.0
DHARMA_INSIDENKMantyasihII.xml,"Mantyasih II (829 Śaka, 907-04-11)",kaw-Latn,102,93,0.9117647058823529,9.208372149683072,5.3431372549019605,0.8333333333333334,85,0.3763440860215054,0.053763440860215055,5,4,0.029411764705882353,0.9090909090909091,9.04534033733291,99,907.0,10.0
DHARMA_INSIDENKMaribong.xml,The Maribong Charter of Wisnuwardhana (1170 Śaka),kaw-Latn,85,78,0.9176470588235294,8.460287854927591,5.7176470588235295,0.8588235294117647,73,0.5384615384615384,0.23076923076923078,18,1,0.18823529411764706,0.8985507246376812,7.46392289131769,69,1248.0,13.0
DHARMA_INSIDENKMarsemu.xml,"Marsemu charter, ca. 875 CE",kaw-Latn,40,35,0.875,5.533985905294664,5.7,0.825,33,0.34285714285714286,0.02857142857142857,1,1,0.0,0.875,5.533985905294664,40,875.0,9.0
DHARMA_INSIDENKMasahar.xml,Charter of Masahar (852 Śaka),kaw-Latn,1674,883,0.527479091995221,21.581567093975828,4.876941457586619,0.42353643966547194,709,0.3363533408833522,0.020385050962627407,18,5,0.005376344086021506,0.5255255255255256,21.44375981106939,1665,930.0,10.0
DHARMA_INSIDENKMunggut.xml,Munggut charter (944 Śaka),kaw-Latn,986,713,0.7231237322515213,22.706545776390882,5.102434077079107,0.6267748478701826,618,0.3548387096774194,0.025245441795231416,18,6,0.013184584178498986,0.7204522096608428,22.473028255494427,973,1022.0,11.0
DHARMA_INSIDENKNglumbangDungik.xml,Stone from Nglumbang Dungik (9th-10th c. CE),san-Latn,18,17,0.9444444444444444,4.00693842672377,4.5,0.8888888888888888,16,0.47058823529411764,0.0,0,1,0.0,0.9444444444444444,4.00693842672377,18,950.0,10.0
DHARMA_INSIDENKPadingding.xml,"Stray plate of a foundation bordering on Paḍiṅḍiṅ, Paṅeran and Pajənvan (14th c. CE)",kaw-Latn,227,59,0.2599118942731278,3.9159675384398347,5.361233480176211,0.12334801762114538,28,0.2711864406779661,0.0,0,0,0.0,0.2599118942731278,3.9159675384398347,227,1350.0,14.0
DHARMA_INSIDENKPakisWetan.xml,The Pakis Wetan Charter of Kertanagara (1188 Śaka),kaw-Latn,127,104,0.8188976377952756,9.228507697927585,5.929133858267717,0.7322834645669292,93,0.5576923076923077,0.15384615384615385,16,0,0.10236220472440945,0.7982456140350878,8.522930885393414,114,1266.0,13.0
DHARMA_INSIDENKPalepangan.xml,Palepangan charter (828 Śaka),kaw-Latn,320,201,0.628125,11.236241586936442,5.153125,0.471875,151,0.43283582089552236,0.05472636815920398,11,4,0.01875,0.6210191082802548,11.004486635670457,314,906.0,10.0
DHARMA_INSIDENKPananggaran.xml,Pananggaran (791 Śaka),kaw-Latn,78,71,0.9102564102564102,8.039166942426629,5.346153846153846,0.8461538461538461,66,0.30985915492957744,0.11267605633802817,8,2,0.08974358974358974,0.9014084507042254,7.595402612440661,71,869.0,9.0
DHARMA_INSIDENKPanunggalan.xml,"Panunggalan charter (818 Śaka, 896-08-15 CE)",kaw-Latn,195,129,0.6615384615384615,9.237881875108684,5.030769230769231,0.5692307692307692,111,0.32558139534883723,0.046511627906976744,6,2,0.03076923076923077,0.6507936507936508,8.946933499675687,189,896.0,9.0
DHARMA_INSIDENKParablyan.xml,Parablyan (between 1177 and 1208 Śaka),kaw-Latn,257,186,0.7237354085603113,11.602361224863579,6.019455252918288,0.6186770428015564,159,0.44623655913978494,0.03225806451612903,6,3,0.0,0.7237354085603113,11.602361224863579,257,1286.0,13.0
DHARMA_INSIDENKPesindon.xml,Pesindon I and II (914-08-14),kaw-Latn,56,38,0.6785714285714286,5.077963596336064,4.625,0.35714285714285715,20,0.42105263157894735,0.07894736842105263,3,1,0.10714285714285714,0.7,4.949747468305833,50,914.0,10.0
DHARMA_INSIDENKPlalangan.xml,Stone from Plalangan (9th-10th c. CE),san-Latn,32,28,0.875,4.949747468305833,4.40625,0.78125,25,0.6785714285714286,0.03571428571428571,1,0,0.03125,0.8709677419354839,4.849343154722923,31,950.0,10.0
DHARMA_INSIDENKPucangan.xml,Charter of Pucangan (1041-11-6),kaw-Latn,1758,1218,0.6928327645051194,29.049445901208433,5.608077360637088,0.5841865756541524,1027,0.5952380952380952,0.022988505747126436,28,4,0.011945392491467578,0.694300518134715,28.93659318009752,1737,1041.0,11.0
DHARMA_INSIDENKPuhawangGlis.xml,Puhawang Glis (749 Śaka),omy-Latn,76,64,0.8421052631578947,7.341303483857976,4.328947368421052,0.7368421052631579,56,0.5,0.140625,9,1,0.09210526315789473,0.8260869565217391,6.861993625888845,69,827.0,9.0
DHARMA_INSIDENKRaKidanI.xml,Ra Kidan I (750-800 Śaka),kaw-Latn,107,84,0.7850467289719626,8.120586507983573,4.5327102803738315,0.6635514018691588,71,0.4523809523809524,0.08333333333333333,7,2,0.04672897196261682,0.7745098039215687,7.822165589515728,102,878.0,9.0
DHARMA_INSIDENKRabvan.xml,"Rabvan (827 Śaka, 906-02-03)",unknown,26,26,1.0,5.099019513592785,5.3076923076923075,1.0,26,0.6153846153846154,0.2692307692307692,7,0,0.19230769230769232,1.0,4.58257569495584,21,906.0,10.0
DHARMA_INSIDENKRameswarapura.xml,Rameswarapura charter (1197 Śaka),kaw-Latn,1713,891,0.5201401050788091,21.527768895666338,5.1231757151196735,0.4197314652656159,719,0.36363636363636365,0.03254769921436588,29,7,0.012259194395796848,0.5159574468085106,21.223356262943657,1692,1275.0,13.0
DHARMA_INSIDENKRampal.xml,Rampal (ca. 875 CE),kaw-Latn,325,186,0.5723076923076923,10.317423649789262,4.366153846153846,0.4584615384615385,149,0.3064516129032258,0.03763440860215054,7,1,0.015384615384615385,0.565625,10.118207598186547,320,875.0,9.0
DHARMA_INSIDENKRukam.xml,Charter of Rukam (829 Śaka),kaw-Latn,1409,732,0.5195173882185947,19.500941725363198,5.186657203690561,0.4201561391057488,592,0.38114754098360654,0.025956284153005466,19,8,0.0099361249112846,0.5168458781362008,19.304037871290056,1395,907.0,10.0
DHARMA_INSIDENKRumwigaI.xml,"Rumwiga I (826 Śaka, 904-12-28)",unknown,448,237,0.5290178571428571,11.197197512898356,4.8125,0.40625,182,0.350210970464135,0.046413502109704644,11,5,0.011160714285714286,0.5237020316027088,11.022652644977454,443,904.0,10.0
DHARMA_INSIDENKRumwigaII.xml,"Rumwiga II (827 Śaka, 905-07-05)",unknown,484,275,0.5681818181818182,12.5,5.012396694214876,0.44421487603305787,215,0.37454545454545457,0.05454545454545454,15,3,0.01652892561983471,0.5609243697478992,12.237924935326621,476,905.0,10.0
DHARMA_INSIDENKSalingsinganII.xml,Donation Record of Salingsingan II (802 Śaka) and Kikil Batu Addendum (827 Śaka),kaw-Latn,617,321,0.520259319286872,12.922973399767017,4.656401944894651,0.34846029173419774,215,0.35202492211838005,0.037383177570093455,12,4,0.022690437601296597,0.5207296849087893,12.787068509293281,603,880.0,9.0
DHARMA_INSIDENKSamalagi.xml,"Samalagi ([824 Ś], 902-10-29)",unknown,362,238,0.6574585635359116,12.509002283217754,5.071823204419889,0.5165745856353591,187,0.31512605042016806,0.029411764705882353,7,5,0.0027624309392265192,0.6565096952908587,12.473684210526315,361,902.0,10.0
DHARMA_INSIDENKSangHyangTapak.xml,Sang Hyang Tapak Charter of Jayabhūpati (952 Śaka),kaw-Latn,297,230,0.7744107744107744,13.345953623270168,5.205387205387205,0.6632996632996633,197,0.3782608695652174,0.043478260869565216,10,2,0.030303030303030304,0.7708333333333334,13.08147545195113,288,1030.0,11.0
DHARMA_INSIDENKSanga.xml,Charter of Sanga (13th c. CE),kaw-Latn,348,243,0.6982758620689655,13.026167298279207,5.123563218390805,0.5775862068965517,201,0.1934156378600823,0.00411522633744856,1,3,0.0,0.6982758620689655,13.026167298279207,348,1250.0,13.0
DHARMA_INSIDENKSangguran.xml,Sangguran Charter (928-08-02),kaw-Latn,1807,1073,0.5938018815716657,25.241818851390196,5.104593248478141,0.49031543995572774,886,0.36719478098788444,0.016775396085740912,18,5,0.004980630879911455,0.5917686318131257,25.09266474986596,1798,928.0,10.0
DHARMA_INSIDENKSarwadharma.xml,Sarwadharma (1191 Śaka),kaw-Latn,985,594,0.6030456852791878,18.926413739951833,6.226395939086294,0.4954314720812183,488,0.41245791245791247,0.02861952861952862,17,5,0.012182741116751269,0.5991778006166495,18.69012193003317,973,1269.0,13.0
DHARMA_INSIDENKSikuLalawa.xml,Stray plate of a foundation bordering on Halaṅan and Taratap (13th c. CE),kaw-Latn,219,68,0.3105022831050228,4.595014173116504,5.561643835616438,0.1324200913242009,29,0.25,0.0,0,1,0.0,0.3105022831050228,4.595014173116504,219,1250.0,13.0
DHARMA_INSIDENKSilamanikundala.xml,Foundation of a Dam Called Śilāmaṇi-kuṇḍala (1272 Śaka),kaw-Latn,175,151,0.8628571428571429,11.414527084878662,5.194285714285714,0.7714285714285715,135,0.36423841059602646,0.052980132450331126,8,0,0.03428571428571429,0.8579881656804734,11.153846153846153,169,1350.0,14.0
DHARMA_INSIDENKSimaAnglayang.xml,Sima Anglayang charter (in or after 968 Śaka),kaw-Latn,2143,1082,0.5048996733551097,23.373092362163565,5.518432104526365,0.3840410639290714,823,0.3752310536044362,0.018484288354898338,20,4,0.006532897806812879,0.5049318929074683,23.29810689467126,2129,1046.0,11.0
DHARMA_INSIDENKSindoro-PuBahut.xml,Pu Bahut (828 Śaka),kaw-Latn,237,145,0.6118143459915611,9.418762135693648,4.805907172995781,0.4978902953586498,118,0.33793103448275863,0.0896551724137931,13,1,0.03375527426160337,0.5982532751091703,9.05321482623473,229,906.0,10.0
DHARMA_INSIDENKSindoro-PuMamruk.xml,Pu Mamruk (828 Śaka),kaw-Latn,208,136,0.6538461538461539,9.429903335828895,5.110576923076923,0.5240384615384616,109,0.3382352941176471,0.051470588235294115,7,1,0.028846153846153848,0.6435643564356436,9.146768081493795,202,906.0,10.0
DHARMA_INSIDENKSriManggalaII.xml,Sri Manggala II (796 Śaka),kaw-Latn,98,87,0.8877551020408163,8.788327137604233,6.040816326530612,0.7959183673469388,78,0.5057471264367817,0.13793103448275862,12,2,0.08163265306122448,0.8777777777777778,8.327331171776732,90,874.0,9.0
DHARMA_INSIDENKSriManggalaIII.xml,Sri Manggala III (796 Śaka),kaw-Latn,81,75,0.9259259259259259,8.333333333333334,5.938271604938271,0.8518518518518519,69,0.4666666666666667,0.13333333333333333,10,3,0.09876543209876543,0.9178082191780822,7.841756862140748,73,874.0,9.0
DHARMA_INSIDENKSugihManek.xml,"Sugih Manek Charter (837 Śaka, 915-09-13)",kaw-Latn,1171,709,0.605465414175918,20.718952161022187,5.10930828351836,0.4884713919726729,572,0.3935119887165021,0.02679830747531735,19,4,0.011955593509820665,0.6024200518582541,20.491138966519237,1157,915.0,10.0
DHARMA_INSIDENKSumundul.xml,Sumundul (791 Śaka),kaw-Latn,80,76,0.95,8.497058314499201,5.0625,0.9,72,0.2894736842105263,0.10526315789473684,8,2,0.0875,0.9452054794520548,8.075839156533009,73,869.0,9.0
DHARMA_INSIDENKTaji.xml,"The Charter of Taji (823 Śaka, 8 April 901)",kaw-Latn,1077,566,0.5255338904363974,17.246802080008948,5.316620241411328,0.3871866295264624,417,0.34275618374558303,0.038869257950530034,22,5,0.01021355617455896,0.5215759849906192,17.02927619292095,1066,901.0,10.0
DHARMA_INSIDENKTajiGunung.xml,"Taji Gunung (Sañjaya 194, 910-12-21)",kaw-Latn,818,441,0.539119804400978,15.419203408115198,4.667481662591687,0.4132029339853301,338,0.30385487528344673,0.022675736961451247,10,7,0.004889975550122249,0.5368550368550369,15.316842073536279,814,910.0,10.0
DHARMA_INSIDENKTalan.xml,Charter of Talan (941 and 1058 Śaka),kaw-Latn,959,643,0.670490093847758,20.763552931618143,5.538060479666319,0.5578727841501564,535,0.4121306376360809,0.038880248833592534,25,3,0.018769551616266946,0.6684378320935175,20.504813980790523,941,1136.0,12.0
DHARMA_INSIDENKTaragal.xml,The Polengan plates: Taragal Charter (802 Śaka),kaw-Latn,432,244,0.5648148148148148,11.73945547352239,5.034722222222222,0.43287037037037035,187,0.27459016393442626,0.045081967213114756,11,3,0.011574074074074073,0.5597189695550351,11.566020652050272,427,880.0,9.0
DHARMA_INSIDENKTelangII-WanagiriII.xml,"Telang II / Wanagiri II (825 Ś, 904-01-11)",unknown,158,117,0.740506329113924,9.30802022485604,5.424050632911392,0.6139240506329114,97,0.37606837606837606,0.09401709401709402,11,1,0.0379746835443038,0.7302631578947368,9.003288872757322,152,904.0,10.0
DHARMA_INSIDENKTigaRon-TluRon.xml,Charter of Tiga Ron also called Təlu Ron (822 Śaka – 900-03-30),kaw-Latn,538,310,0.5762081784386617,13.365049020336032,4.929368029739777,0.44609665427509293,240,0.3774193548387097,0.025806451612903226,8,2,0.00929368029739777,0.5722326454033771,13.211016495638404,533,900.0,9.0
DHARMA_INSIDENKTihang.xml,"Tihang charter (Sañjaya 198, 836 Śaka, 914-11-08 CE)",kaw-Latn,386,264,0.6839378238341969,13.437246201965193,5.541450777202073,0.5647668393782384,218,0.4431818181818182,0.05303030303030303,14,4,0.02072538860103627,0.6772486772486772,13.167219196765176,378,914.0,10.0
DHARMA_INSIDENKTija-HaruHaru.xml,Tija & Haru-Haru (11th c. CE?),kaw-Latn,421,185,0.43942992874109266,9.016348308328718,5.26603325415677,0.28028503562945367,118,0.2864864864864865,0.032432432432432434,6,2,0.007125890736342043,0.43779904306220097,8.95082258121469,418,1050.0,11.0
DHARMA_INSIDENKTimbananWungkal.xml,"Timbanan Wungkal (Sañjaya 196, 913-02-11)",kaw-Latn,220,194,0.8818181818181818,13.079477331786896,5.613636363636363,0.7954545454545454,175,0.4175257731958763,0.05670103092783505,11,2,0.03636363636363636,0.8773584905660378,12.77453244722808,212,913.0,10.0
DHARMA_INSIDENKTugu.xml,Tugu Boulder Inscription of Pūrṇavarman (ca. 6th c. CE),san-Latn,55,54,0.9818181818181818,7.281358514603014,7.290909090909091,0.9636363636363636,53,0.8333333333333334,0.037037037037037035,2,0,0.01818181818181818,0.9814814814814815,7.21238646486158,54,550.0,6.0
DHARMA_INSIDENKTukMas.xml,Praise of a mountain stream (mid-7th c. CE),san-Latn,21,19,0.9047619047619048,4.1461399144838555,4.523809523809524,0.8571428571428571,18,0.5263157894736842,0.0,0,0,0.0,0.9047619047619048,4.1461399144838555,21,650.0,7.0
DHARMA_INSIDENKTulangEr.xml,Tulang Er III (914-12-30),kaw-Latn,647,374,0.5780525502318392,14.703457205253052,4.734157650695518,0.4605873261205564,298,0.3983957219251337,0.053475935828877004,20,5,0.015455950540958269,0.5714285714285714,14.422205101855956,637,914.0,10.0
DHARMA_INSIDENKTulangan.xml,"Tulangan (832 Śaka, 910-08-13)",unknown,76,71,0.9342105263157895,8.144258552404942,5.026315789473684,0.868421052631579,66,0.36619718309859156,0.14084507042253522,10,0,0.07894736842105263,0.9285714285714286,7.768985960673558,70,910.0,10.0
DHARMA_INSIDENKTunahan.xml,The Polengan plates: Tunahan Charter (794 Śaka),kaw-Latn,163,114,0.6993865030674846,8.929169129862714,5.226993865030675,0.5276073619631901,86,0.2719298245614035,0.07894736842105263,9,1,0.03680981595092025,0.6878980891719745,8.619338352250319,157,872.0,9.0
DHARMA_INSIDENKUpitI.xml,Upit I (788 Śaka),kaw-Latn,20,20,1.0,4.47213595499958,4.95,1.0,20,0.35,0.15,3,0,0.15,1.0,4.123105625617661,17,866.0,9.0
DHARMA_INSIDENKWangkud.xml,Demarcation of Asam Panjang (874 CE),kaw-Latn,39,38,0.9743589743589743,6.084869844593311,4.9743589743589745,0.9487179487179487,37,0.47368421052631576,0.15789473684210525,6,2,0.1282051282051282,0.9705882352941176,5.6594533097027915,34,874.0,9.0
DHARMA_INSIDENKWatuGenuk.xml,Watu Genuk slab (8th c. CE),san-Latn,55,53,0.9636363636363636,7.146518542110366,5.072727272727272,0.9272727272727272,51,0.6037735849056604,0.03773584905660377,2,0,0.01818181818181818,0.9629629629629629,7.076303701373625,54,750.0,8.0
DHARMA_INSIDENKWatuRidang.xml,"Watu Ridang (832 Śaka, 910-03-22)",unknown,556,401,0.7212230215827338,17.00618804008342,5.420863309352518,0.6061151079136691,337,0.3940149625935162,0.04987531172069826,20,4,0.023381294964028777,0.7200736648250461,16.779416049034392,543,910.0,10.0
DHARMA_INSIDENKWayuku.xml,Wayuku (776 Śaka),kaw-Latn,26,26,1.0,5.099019513592785,5.576923076923077,1.0,26,0.5769230769230769,0.23076923076923078,6,0,0.19230769230769232,1.0,4.58257569495584,21,854.0,9.0
DHARMA_INSIDENKWintangMasI.xml,Wintang Mas I (800 Śaka),kaw-Latn,271,187,0.6900369003690037,11.359441023615716,5.306273062730627,0.5535055350553506,150,0.48663101604278075,0.0481283422459893,9,3,0.02214022140221402,0.6867924528301886,11.180171126377912,265,878.0,9.0
DHARMA_INSIDENKWintangMasII.xml,"Wintang Mas II (841 Śaka, 919-10-12)",kaw-Latn,248,152,0.6129032258064516,9.652009652014478,5.112903225806452,0.45161290322580644,112,0.39473684210526316,0.09210526315789473,14,1,0.028225806451612902,0.6058091286307054,9.40468674545213,241,919.0,10.0
DHARMA_INSIDENKWukiran.xml,"Stela of Pereng, also known as Wukiran inscription (784 Śaka, 863-1-25 CE)",kaw-Latn,176,157,0.8920454545454546,11.834320274677223,5.409090909090909,0.8295454545454546,146,0.5414012738853503,0.07643312101910828,12,4,0.03977272727272727,0.8875739644970414,11.538461538461538,169,863.0,9.0
DHARMA_INSIDENKWuruTunggal.xml,Wuru Tunggal (833 Śaka),kaw-Latn,101,72,0.7128712871287128,7.164267769511922,4.524752475247524,0.5841584158415841,59,0.3055555555555556,0.05555555555555555,4,0,0.0297029702970297,0.7040816326530612,6.970052557410254,98,911.0,10.0
DHARMA_INSIDENKdevadravya.xml,Inventory of a Śaiva temple at Dieng (9th c. CE),omy-Latn,80,63,0.7875,7.043614129124337,4.2375,0.6875,55,0.2698412698412698,0.0,0,1,0.0,0.7875,7.043614129124337,80,850.0,9.0
