seed,hard_frac,zdist_mean,algorithm,auc_own,auc_common,tss_common,boyce
0,0.0,2.0935819335034522,maxent,0.6736598103021467,0.667837228787185,0.3502493428637422,0.6063171115012927
0,0.0,2.0935819335034522,xgboost,0.6863906336515815,0.6870125796524972,0.3554653615851112,0.35376266899190656
0,0.0,2.0935819335034522,randomforest,0.6902633724280094,0.6886342022083705,0.37783542176788826,0.460254045908915
0,0.1,2.1663466677664434,maxent,0.6882346162403373,0.6547796048714778,0.3627438589476487,0.4776055554898746
0,0.1,2.1663466677664434,xgboost,0.742292874819665,0.7232158470624969,0.40888550161660725,0.5760428430336766
0,0.1,2.1663466677664434,randomforest,0.7231788004747047,0.7041887282680759,0.4123784946942,0.4961953322733633
0,0.2,2.264763492847868,maxent,0.687960770368848,0.6539815970173738,0.33677364015326083,0.6602379683992795
0,0.2,2.264763492847868,xgboost,0.7318139821000668,0.7128313270795283,0.39922106388897216,0.580175062222265
0,0.2,2.264763492847868,randomforest,0.7258359440169305,0.7080014014700995,0.4100670327195651,0.578472995249539
0,0.3,2.3225569903312278,maxent,0.708268239130564,0.6428467854676007,0.30763057017252715,0.6781644891539401
0,0.3,2.3225569903312278,xgboost,0.7766059633965179,0.7282330652798528,0.4319267654472271,0.6451966324014925
0,0.3,2.3225569903312278,randomforest,0.7580942728246073,0.7090448805229737,0.4197838368648782,0.5602934521323604
0,0.4,2.3961861541269185,maxent,0.7097399235252397,0.6547892245679436,0.3326720812573468,0.6253516154257623
0,0.4,2.3961861541269185,xgboost,0.7344216834823092,0.690237348086679,0.3685542266700474,0.5283397741600078
0,0.4,2.3961861541269185,randomforest,0.7473761514323932,0.6932431342338586,0.4000488054125745,0.5032729500491862
0,0.5,2.508675404776351,maxent,0.7150160440372024,0.6343351812447008,0.3158350231647038,0.5416877913101069
0,0.5,2.508675404776351,xgboost,0.7656395634624585,0.6980370199107517,0.37825167274318894,0.5959834627474845
0,0.5,2.508675404776351,randomforest,0.7644032804747937,0.6815024965957704,0.36428911266599084,0.5263408626535265
0,0.6,2.5152645368693585,maxent,0.757418977715772,0.656999264013481,0.3442991420514192,0.5822744401379261
0,0.6,2.5152645368693585,xgboost,0.7708200000012045,0.6908365114783815,0.3556915792080889,0.6456205848477035
0,0.6,2.5152645368693585,randomforest,0.7706605856179338,0.6834230714234548,0.38552064876847547,0.5375472935255893
0,0.7,2.575163946304605,maxent,0.7605225528604271,0.6444343541433893,0.2970577861221037,0.607474426665917
0,0.7,2.575163946304605,xgboost,0.7868632951169394,0.6737870405948334,0.3163719147829006,0.4815558292244275
0,0.7,2.575163946304605,randomforest,0.7807167808441268,0.6634687509852515,0.33551624039409556,0.4944710160854946
0,0.8,2.698334704961815,maxent,0.771302534833461,0.6173148542604358,0.26998397901089577,0.48658514307633577
0,0.8,2.698334704961815,xgboost,0.8008470639092689,0.6585809822230176,0.3090855257688926,0.5717120203193653
0,0.8,2.698334704961815,randomforest,0.8060661236687418,0.652636227642768,0.3113690933154899,0.4815617551432746
0,0.9,2.72526765981134,maxent,0.8041900119708348,0.6061396752211754,0.2639000115371803,0.49593664340936383
0,0.9,2.72526765981134,xgboost,0.8273433289334472,0.6485531974112154,0.30129579599483575,0.4355034050807863
0,0.9,2.72526765981134,randomforest,0.8235923468910171,0.6415049939774127,0.28979308345176913,0.47088620738169834
0,1.0,2.786358356371961,maxent,0.7963888158202673,0.5426615994228116,0.16099006594912985,-0.06765219330037771
0,1.0,2.786358356371961,xgboost,0.8573459088277747,0.6163133246919588,0.2558141813322966,0.20921373151209405
0,1.0,2.786358356371961,randomforest,0.848429617340814,0.6352765725055278,0.27427487046451143,0.4135011677327241
1,0.0,2.0965868536894736,maxent,0.6862753301254549,0.6587528591633592,0.32618086504063737,0.5560345306802728
1,0.0,2.0965868536894736,xgboost,0.7401639932955555,0.7160587069895784,0.401120343682169,0.49439478500951495
1,0.0,2.0965868536894736,randomforest,0.7263789552904167,0.7079813597190802,0.401570844723833,0.59492571584607
1,0.1,2.1762902861525966,maxent,0.6980970340797339,0.6613783879181049,0.35109127891523384,0.6624977696258088
1,0.1,2.1762902861525966,xgboost,0.7119206729548151,0.6959234517194223,0.3853724696701828,0.37248642619114014
1,0.1,2.1762902861525966,randomforest,0.7157882141625846,0.7024222101684141,0.40490011138932047,0.6183670060493014
1,0.2,2.2649210031770552,maxent,0.6897957104096625,0.666163326793443,0.333221788177076,0.624022343586792
1,0.2,2.2649210031770552,xgboost,0.7517693227616256,0.7280050872964754,0.4635967449812,0.48002840309514105
1,0.2,2.2649210031770552,randomforest,0.73216815555237,0.7131900011099137,0.4089763798735941,0.7277959374916689
1,0.3,2.3345144086044485,maxent,0.7083125059314306,0.6733245865178616,0.353804946379605,0.6193195984783627
1,0.3,2.3345144086044485,xgboost,0.7274314750609692,0.7067620023611297,0.41606327404023913,0.48867422797404647
1,0.3,2.3345144086044485,randomforest,0.716720007004098,0.7028111965051633,0.39759523345499137,0.7001318938986265
1,0.4,2.4033583273334846,maxent,0.7274693724905462,0.6575454413023355,0.33641425896251764,0.6041579678859781
1,0.4,2.4033583273334846,xgboost,0.7751312711813311,0.7049580743646764,0.3802471297634495,0.5137795364018554
1,0.4,2.4033583273334846,randomforest,0.7673813176489681,0.6998569704770405,0.4081139762253615,0.5798583171391852
1,0.5,2.474402286637629,maxent,0.7247312175286991,0.651531373364824,0.3239022004318438,0.6106713971454212
1,0.5,2.474402286637629,xgboost,0.7803794339419172,0.7111999176230357,0.4129564936352009,0.7070881105729729
1,0.5,2.474402286637629,randomforest,0.769116030975488,0.6941031957715987,0.39212578157113415,0.6070140406581214
1,0.6,2.506331605734512,maxent,0.736472024519627,0.6587070684237344,0.3216601237418066,0.6271422335780736
1,0.6,2.506331605734512,xgboost,0.7653927527058405,0.6943049208541103,0.364124372780443,0.6334955613311517
1,0.6,2.506331605734512,randomforest,0.7611685308666072,0.6852421653897631,0.35767431901672575,0.6025873818300507
1,0.7,2.6474912025161945,maxent,0.7592399871692169,0.6352618288733962,0.28616321211752105,0.5538389624768553
1,0.7,2.6474912025161945,xgboost,0.7939262917458223,0.6700254893356733,0.3170309994941671,0.5581275907795946
1,0.7,2.6474912025161945,randomforest,0.7964478892203093,0.6645885974226344,0.33682040408444514,0.5532651572155082
1,0.8,2.6970257181129536,maxent,0.7918175609603526,0.6357311029019022,0.2831913303898207,0.5094666184116722
1,0.8,2.6970257181129536,xgboost,0.8204430520527926,0.6697448124527001,0.32952917320200614,0.5175136357205721
1,0.8,2.6970257181129536,randomforest,0.8114548854954362,0.6601342165440836,0.33191496776292245,0.5490609622946986
1,0.9,2.7384372319447987,maxent,0.7935755448680567,0.61479328778864,0.27578290912120096,0.4243579072698207
1,0.9,2.7384372319447987,xgboost,0.8467456521215496,0.6473622009038029,0.3016319686807293,0.34961401832940286
1,0.9,2.7384372319447987,randomforest,0.8272909403400247,0.6493237040240055,0.3149983667109305,0.5666586264700204
1,1.0,2.8176555310411606,maxent,0.8186480825330522,0.5617503278618934,0.18143133633946212,-0.05037808906526704
1,1.0,2.8176555310411606,xgboost,0.8640812042188019,0.6283641589290125,0.25831134798242683,0.25929761231093984
1,1.0,2.8176555310411606,randomforest,0.8447262321304125,0.6369153243454415,0.2865975404690255,0.48059596220067896
2,0.0,2.1420405817850794,maxent,0.6812474203611286,0.6838797052654007,0.3819686647368144,0.6861736360666731
2,0.0,2.1420405817850794,xgboost,0.7519221612532164,0.7378773954405311,0.45179678888097374,0.563423042754639
2,0.0,2.1420405817850794,randomforest,0.7184985064345499,0.7241007515876877,0.41687065977133286,0.5149780832746319
2,0.1,2.1710999979741823,maxent,0.6803936937795669,0.6746732238619126,0.36927097822920196,0.6346296712865722
2,0.1,2.1710999979741823,xgboost,0.6950615468965229,0.7059299151141616,0.43378715353747443,0.571954083680594
2,0.1,2.1710999979741823,randomforest,0.7004874156097594,0.7169496011418703,0.4079815210508405,0.6101041557444541
2,0.2,2.2317667270843056,maxent,0.7019361715256975,0.6816604464775916,0.36817701927439683,0.644486601326993
2,0.2,2.2317667270843056,xgboost,0.7560316939818625,0.7382018667441932,0.45154096518837844,0.6161513662501761
2,0.2,2.2317667270843056,randomforest,0.7385574767112028,0.7239304573210569,0.4271390612353815,0.7065118679058336
2,0.3,2.3228217644434888,maxent,0.7118054149292629,0.6808477274612414,0.36189593304206485,0.7058921692671029
2,0.3,2.3228217644434888,xgboost,0.7542899979986948,0.728687790959438,0.43031016000610495,0.5577978169916488
2,0.3,2.3228217644434888,randomforest,0.7303368273496824,0.7130935431272272,0.42405425253446427,0.5351415243259909
2,0.4,2.3947125694397786,maxent,0.7094839778719988,0.6695263180422708,0.3598261615410013,0.6970392747430997
2,0.4,2.3947125694397786,xgboost,0.7517838298035876,0.7073286077782173,0.4094457614789295,0.6166189380181626
2,0.4,2.3947125694397786,randomforest,0.745110452686075,0.7139675049707056,0.42579387455528916,0.5139203496179061
2,0.5,2.4766230389986763,maxent,0.7417546517728034,0.671591032316002,0.35748488902760506,0.6769037367804114
2,0.5,2.4766230389986763,xgboost,0.7660408445380454,0.6926785490435792,0.36489784642562617,0.5953625999748178
2,0.5,2.4766230389986763,randomforest,0.7696164877423007,0.7051781834208125,0.39217059541828914,0.526869022722102
2,0.6,2.534172047643682,maxent,0.7451197094714272,0.6612388060798923,0.33692674890419877,0.5997726920968629
2,0.6,2.534172047643682,xgboost,0.7659322117174362,0.6959802083617792,0.38448129049024216,0.5815112178155882
2,0.6,2.534172047643682,randomforest,0.7664280168327159,0.6927602994769118,0.37853227198299083,0.44801143220597694
2,0.7,2.602545266619497,maxent,0.7651938957385698,0.6542571219102915,0.3171696216009665,0.5188798802583663
2,0.7,2.602545266619497,xgboost,0.788593069903345,0.6781106056575261,0.3297628771469675,0.5302141835879408
2,0.7,2.602545266619497,randomforest,0.7808900931341589,0.6822644410373936,0.3542904180343789,0.5361179970562668
2,0.8,2.6807444648561476,maxent,0.7857937614362839,0.6371073598484114,0.30645149835046886,0.5042975703908509
2,0.8,2.6807444648561476,xgboost,0.8050474754070261,0.6678171966588112,0.31564555726823434,0.5057950540822496
2,0.8,2.6807444648561476,randomforest,0.8134984065487949,0.6756314559083284,0.34111591858245155,0.5250404824608766
2,0.9,2.729260324468221,maxent,0.7823075477729442,0.617755217968521,0.2670110793191398,0.422958416322283
2,0.9,2.729260324468221,xgboost,0.8415273732087408,0.6621997667798812,0.30056042906581,0.40382115783491884
2,0.9,2.729260324468221,randomforest,0.8263505691017652,0.6599952509702351,0.3276800663465845,0.4983827934530141
2,1.0,2.839968483972124,maxent,0.811363312974249,0.5557620476799221,0.18037255845518735,0.06543868056950408
2,1.0,2.839968483972124,xgboost,0.8794456283986873,0.6320828811610085,0.295180481816656,0.3462136439891461
2,1.0,2.839968483972124,randomforest,0.8579463061359174,0.6462509944887345,0.3088484296573288,0.40868229979866105
3,0.0,2.074114719502635,maxent,0.7147773809088724,0.6681818208915906,0.3441947730060335,0.5756853336684181
3,0.0,2.074114719502635,xgboost,0.7368123997613825,0.7152608121725026,0.4347219199693611,0.2761365080328547
3,0.0,2.074114719502635,randomforest,0.724532595674426,0.7001939502535383,0.3817897151934108,0.5722649872334482
3,0.1,2.20061153582273,maxent,0.6930961763176391,0.6616637404828968,0.33417206562522506,0.6356054715660815
3,0.1,2.20061153582273,xgboost,0.7216774904364189,0.7031464359708455,0.39477557680767966,0.4451632098737724
3,0.1,2.20061153582273,randomforest,0.7151186004164861,0.7003358583934798,0.40626033962367974,0.580707161491433
3,0.2,2.243194140622685,maxent,0.6600064346021972,0.6301137963005533,0.30768321217282624,0.6096685424336542
3,0.2,2.243194140622685,xgboost,0.7239491583211789,0.6973751812412022,0.3755589224319707,0.5516783576351485
3,0.2,2.243194140622685,randomforest,0.7115755236952198,0.6924732841802154,0.38481352578133643,0.5577844802157476
3,0.3,2.283920126656053,maxent,0.7022070446470776,0.6551672375618073,0.33466060504550527,0.5309396412963432
3,0.3,2.283920126656053,xgboost,0.7334285348997922,0.6928299131509646,0.3582728552801723,0.6951142537336141
3,0.3,2.283920126656053,randomforest,0.7218188120779578,0.6925771723000056,0.4055148011072621,0.5497055376472016
3,0.4,2.3885089221181945,maxent,0.7062491354450507,0.6406115908678884,0.32439212373525306,0.573966009305084
3,0.4,2.3885089221181945,xgboost,0.7384924179881402,0.6865119909443551,0.3634041854410049,0.6145184007783313
3,0.4,2.3885089221181945,randomforest,0.7445475689440775,0.6901952896443021,0.3820299930289555,0.5829198716136477
3,0.5,2.4558966010932095,maxent,0.7328583398670719,0.644244409551918,0.31795627942264504,0.5822061432790524
3,0.5,2.4558966010932095,xgboost,0.7662266792928067,0.6895176844729106,0.3712208397106564,0.5865428221069935
3,0.5,2.4558966010932095,randomforest,0.7603174102596872,0.6891208454163398,0.3918139906498215,0.6246607078597359
3,0.6,2.5408253820826183,maxent,0.7489048934544598,0.6384771808690343,0.30892571439524136,0.6352711883599069
3,0.6,2.5408253820826183,xgboost,0.7918651158959472,0.6896865111433851,0.38444402222902785,0.5495309412001668
3,0.6,2.5408253820826183,randomforest,0.7759980941767147,0.6791223040849466,0.36780202533060735,0.5916493278970075
3,0.7,2.619269344199571,maxent,0.7577413868521188,0.6167011943644389,0.26702257938012874,0.5065641828731426
3,0.7,2.619269344199571,xgboost,0.8110668662283537,0.6718331682962552,0.33697571252723096,0.5499195824547274
3,0.7,2.619269344199571,randomforest,0.8131783309371208,0.6737716713496975,0.3371811221968275,0.5392182863376824
3,0.8,2.668949055947695,maxent,0.785486704474679,0.625091448350729,0.29110191487215265,0.4272983622912382
3,0.8,2.668949055947695,xgboost,0.80833892335696,0.6586560320582906,0.31561236655583946,0.4492432451069968
3,0.8,2.668949055947695,randomforest,0.8082356717690768,0.6569548131428378,0.3169557816107746,0.5132873869333899
3,0.9,2.7751428488856087,maxent,0.7931563824425923,0.6036473559336807,0.24813252973559524,0.4309055866615017
3,0.9,2.7751428488856087,xgboost,0.8459398581175425,0.641077616883268,0.27006507709684835,0.39250215974673586
3,0.9,2.7751428488856087,randomforest,0.8332397919188382,0.6403473797630234,0.2963869091427915,0.4261669576162225
3,1.0,2.7957958884195993,maxent,0.8106863501289743,0.5424205931036183,0.15772048806958633,-0.15305842312729798
3,1.0,2.7957958884195993,xgboost,0.8520613174041497,0.6019756933944045,0.2190556364416918,0.12999341360663658
3,1.0,2.7957958884195993,randomforest,0.8455112182763109,0.6235418552496969,0.26186651185027465,0.3791988410324115
4,0.0,2.1067704605093738,maxent,0.70416839034266,0.6860169388631675,0.3995028556177753,0.607113785186464
4,0.0,2.1067704605093738,xgboost,0.7434935452654392,0.7228701980238046,0.43533847692029537,0.37561444372402264
4,0.0,2.1067704605093738,randomforest,0.7318375342443117,0.72216278055609,0.4100434467811061,0.5611789319616206
4,0.1,2.1756657645337985,maxent,0.6981072933817384,0.675361634587945,0.36275592442686555,0.6896965922217524
4,0.1,2.1756657645337985,xgboost,0.7080812683292628,0.7008717542490358,0.4058710386546336,0.5168604573875385
4,0.1,2.1756657645337985,randomforest,0.7181462247651347,0.7157271201515917,0.3979478122758757,0.5217939971252717
4,0.2,2.2715495183975722,maxent,0.7041525543652,0.6720652107762521,0.3773744451758039,0.6332576218720278
4,0.2,2.2715495183975722,xgboost,0.7314014636916467,0.7000701646558924,0.38611175873005127,0.4669418371560793
4,0.2,2.2715495183975722,randomforest,0.7294769438363862,0.7015662069071448,0.3954283605783314,0.45978535834776657
4,0.3,2.2912944410493696,maxent,0.7179248452799456,0.6756885279362435,0.35592387354616833,0.6088734115050335
4,0.3,2.2912944410493696,xgboost,0.7355211639262016,0.7105556422671234,0.410437463201003,0.5803318054263487
4,0.3,2.2912944410493696,randomforest,0.7331070732245685,0.7083868624824696,0.4008293394793959,0.5134986641465374
4,0.4,2.374713789470395,maxent,0.7142430464955452,0.6645261900479338,0.349764758342924,0.6314454646124105
4,0.4,2.374713789470395,xgboost,0.7554579834054097,0.7070970000900582,0.3985836591750814,0.5214108586874608
4,0.4,2.374713789470395,randomforest,0.7532718401896641,0.7073475668365511,0.4066353144392381,0.5889602657773438
4,0.5,2.4907628220230356,maxent,0.7502459022074112,0.6699920499231312,0.33887741851898956,0.6936035973932992
4,0.5,2.4907628220230356,xgboost,0.770470902399222,0.6925237788365219,0.3661943410578392,0.6476231622997177
4,0.5,2.4907628220230356,randomforest,0.7611066604978738,0.6896486517048803,0.37455481092474374,0.5490138636480062
4,0.6,2.512125604176359,maxent,0.7322289207207501,0.6562191879423809,0.34182434191839606,0.639585994775236
4,0.6,2.512125604176359,xgboost,0.7596676209924913,0.6861467317858609,0.3409230452469564,0.6399453969286654
4,0.6,2.512125604176359,randomforest,0.7602636184058659,0.688192543704037,0.37747805124903233,0.5600912885186947
4,0.7,2.587862920785013,maxent,0.7597192452214546,0.6566721733903786,0.31195307224113666,0.5910655900681407
4,0.7,2.587862920785013,xgboost,0.7720155519281308,0.6690025283799266,0.31217196744014253,0.5443649845579154
4,0.7,2.587862920785013,randomforest,0.7884004091085772,0.6801436705293827,0.3644734379412651,0.5583491379807393
4,0.8,2.6538869891425483,maxent,0.7894909629852161,0.6469853486292901,0.32086825069576363,0.5387214784129651
4,0.8,2.6538869891425483,xgboost,0.8213374983774651,0.6737180705539346,0.33130443413752164,0.5123855691470824
4,0.8,2.6538869891425483,randomforest,0.8089064638761604,0.671806609786944,0.34708504641718785,0.5077909809550205
4,0.9,2.74153807175413,maxent,0.7973047524394916,0.6128535530691062,0.240770628946668,0.2906500466504912
4,0.9,2.74153807175413,xgboost,0.8453926232904786,0.6565769630117038,0.28617944724395467,0.44057888024729425
4,0.9,2.74153807175413,randomforest,0.8332943077064009,0.652188196105107,0.30154404218069253,0.46758972840120067
4,1.0,2.819781434729599,maxent,0.7971052420427391,0.5527719981911836,0.1828722237102605,-0.13120421947016508
4,1.0,2.819781434729599,xgboost,0.8652081177274653,0.6158250904008679,0.2402529761876891,0.17182588603533136
4,1.0,2.819781434729599,randomforest,0.8443309874587296,0.6344027206545174,0.28888125578315943,0.39313860645427245
5,0.0,2.0601345998777245,maxent,0.6663290320561149,0.6340136891548263,0.31031361245041456,0.5975529238063699
5,0.0,2.0601345998777245,xgboost,0.695242115317796,0.6832467510991992,0.3944732322108849,0.3758675455526344
5,0.0,2.0601345998777245,randomforest,0.6931454126462446,0.683834545118983,0.36604583948904446,0.42608359567568044
5,0.1,2.1799800702522933,maxent,0.6799703415176233,0.6447771500202328,0.31315337319237907,0.625776984415242
5,0.1,2.1799800702522933,xgboost,0.7173844103003586,0.6861692946941325,0.37810339776649055,0.37957025978106296
5,0.1,2.1799800702522933,randomforest,0.7055245892209262,0.6858052642233027,0.3779466045174994,0.5204031195192961
5,0.2,2.2341796126259985,maxent,0.686489092626698,0.6314293883197436,0.30829220833007864,0.653426801864437
5,0.2,2.2341796126259985,xgboost,0.740362097239103,0.7009132829772724,0.382726868221838,0.4866509700191194
5,0.2,2.2341796126259985,randomforest,0.7289671343091364,0.6909536880144047,0.3738508528158049,0.4972569584467258
5,0.3,2.3277700600248927,maxent,0.7126250465933621,0.6440457759353242,0.3289960035374214,0.6927078124814096
5,0.3,2.3277700600248927,xgboost,0.760388768354971,0.6880039016120421,0.36726573486296793,0.4566287500813878
5,0.3,2.3277700600248927,randomforest,0.7509783406810441,0.6894200915576927,0.3819173354713671,0.6636684818941122
5,0.4,2.3735414288692542,maxent,0.7100033242885289,0.6401554072968159,0.29699934632032254,0.6729906449352911
5,0.4,2.3735414288692542,xgboost,0.7440556170327428,0.6816119362735128,0.3649597810083945,0.5762971417626889
5,0.4,2.3735414288692542,randomforest,0.7465355195741614,0.6909747571532507,0.38210336702275993,0.566774927189359
5,0.5,2.4710429382087495,maxent,0.7439566816558744,0.6436893277336853,0.3252464409738035,0.541391722272045
5,0.5,2.4710429382087495,xgboost,0.7567310697610744,0.6766897392240726,0.34190847605401653,0.5966644182200757
5,0.5,2.4710429382087495,randomforest,0.7646930204805348,0.6904386798402739,0.3890263562698574,0.5489988259776524
5,0.6,2.557392327783523,maxent,0.7582936034606191,0.6378391256112393,0.3048200611005888,0.600061020450417
5,0.6,2.557392327783523,xgboost,0.8013590659264203,0.6752647158022677,0.3713070931037793,0.3610513011541078
5,0.6,2.557392327783523,randomforest,0.7819631366542743,0.6698281395124003,0.3597040416543395,0.5380027950758306
5,0.7,2.5759786956704427,maxent,0.7447631697779535,0.6108262615820155,0.2653289033105548,0.506563250857019
5,0.7,2.5759786956704427,xgboost,0.7779259579530323,0.6593856456644204,0.3110176963508536,0.48133285290280964
5,0.7,2.5759786956704427,randomforest,0.7797759436298988,0.6625995435419639,0.3351841331849626,0.5492435062284613
5,0.8,2.6798747079608014,maxent,0.7654333391248169,0.6134809865789014,0.26656775759858975,0.5196492723371212
5,0.8,2.6798747079608014,xgboost,0.7858900402798328,0.6429795067680373,0.30143848769042386,0.47577366319514847
5,0.8,2.6798747079608014,randomforest,0.8041231857612319,0.6577080817800451,0.3204994340837876,0.45708177208901113
5,0.9,2.7626340761389354,maxent,0.809054506535538,0.5926146244231856,0.23953310888005394,0.4141145881883469
5,0.9,2.7626340761389354,xgboost,0.8393662250752667,0.636760559642178,0.2715570687714938,0.3943139767577216
5,0.9,2.7626340761389354,randomforest,0.8306351747032805,0.6341963132570264,0.28189211908532474,0.42539337015541745
5,1.0,2.8261415984069527,maxent,0.8246832746675208,0.557640559458451,0.19013185285897857,-0.09268091284310105
5,1.0,2.8261415984069527,xgboost,0.8642841755175151,0.6123613506476989,0.27021831619935,0.193736338082597
5,1.0,2.8261415984069527,randomforest,0.8438191674713973,0.6290049764184824,0.26127779942963125,0.49498406342581147
6,0.0,2.120201755719555,maxent,0.6860937638703013,0.6509295446148868,0.3299741123764968,0.5916266006713115
6,0.0,2.120201755719555,xgboost,0.7361830090667327,0.7161921025837454,0.4372840724585473,0.4046259827933766
6,0.0,2.120201755719555,randomforest,0.7173185998126641,0.7087073203176537,0.4061920156151052,0.5000755726699014
6,0.1,2.165054033059076,maxent,0.6844055110735319,0.6543159703858082,0.3265876804764587,0.5900923769208919
6,0.1,2.165054033059076,xgboost,0.7581500965446965,0.7311862922306014,0.45701024272755075,0.4980689671368884
6,0.1,2.165054033059076,randomforest,0.7317608947439472,0.7144025996688457,0.41583256438971306,0.6080862349987433
6,0.2,2.234017068571913,maxent,0.7174772837819804,0.6598673169441328,0.3634825417572911,0.6960700707341714
6,0.2,2.234017068571913,xgboost,0.7403452773207564,0.7118995010509697,0.42531686989570633,0.38329991518455186
6,0.2,2.234017068571913,randomforest,0.7288325502259628,0.7089044424882027,0.42406919439336227,0.5591782438311531
6,0.3,2.3528572897127296,maxent,0.7232031935485932,0.6591380627874337,0.3403530324805346,0.6411233740613603
6,0.3,2.3528572897127296,xgboost,0.7591059063531154,0.6988411666684294,0.39773276903164495,0.34063268181638623
6,0.3,2.3528572897127296,randomforest,0.7483371623249624,0.7097912731301248,0.41737826064184025,0.462637385059502
6,0.4,2.398394497935929,maxent,0.7222932459538932,0.6543027843452919,0.337332477766401,0.7020712524069029
6,0.4,2.398394497935929,xgboost,0.7638458796232449,0.7004236166085133,0.4177711325442842,0.44448798566446246
6,0.4,2.398394497935929,randomforest,0.7557207969027728,0.7025442741093844,0.4047958987399857,0.570504131445996
6,0.5,2.4601190270599296,maxent,0.7361540682810669,0.6553502277481198,0.3379162307764129,0.6923831554536883
6,0.5,2.4601190270599296,xgboost,0.7635174460820868,0.6937441422319657,0.3876282110586449,0.45693302974157757
6,0.5,2.4601190270599296,randomforest,0.7695661742361573,0.7085103575848762,0.41207357032027947,0.6206954273907601
6,0.6,2.5249366810311495,maxent,0.7427504170892041,0.6454923157855633,0.3405541979128711,0.6302696726021966
6,0.6,2.5249366810311495,xgboost,0.7617798651417169,0.6910783995255644,0.366128894017579,0.510147695849538
6,0.6,2.5249366810311495,randomforest,0.7750272912946363,0.7002750720836127,0.39424698138664555,0.5590479601983174
6,0.7,2.614308473967929,maxent,0.7702762985494546,0.6408772216405624,0.3104456394249778,0.5942891136157094
6,0.7,2.614308473967929,xgboost,0.8031039551635916,0.6879417186437468,0.3654475019510554,0.4880899393093089
6,0.7,2.614308473967929,randomforest,0.7907091267793197,0.6779196952158195,0.3558820180078779,0.5296560106660546
6,0.8,2.6687447601211325,maxent,0.7755681727913679,0.6305958233865082,0.29275322994505837,0.49348558392473424
6,0.8,2.6687447601211325,xgboost,0.8161807606687658,0.6760808681172443,0.3480768034025797,0.5444372295145571
6,0.8,2.6687447601211325,randomforest,0.8077738579196405,0.6788581872695787,0.35052809856344325,0.561552450477872
6,0.9,2.757685424925507,maxent,0.7942296298818683,0.621313087450322,0.28417415690543146,0.45551925182910524
6,0.9,2.757685424925507,xgboost,0.8322441598964249,0.6557174066133558,0.30565643049996016,0.41928970381951053
6,0.9,2.757685424925507,randomforest,0.8316014225191164,0.664028496080466,0.33860409882512854,0.5060055096269817
6,1.0,2.800287522507073,maxent,0.7984237836686165,0.553896335564952,0.18446866819873678,-0.061523445427715616
6,1.0,2.800287522507073,xgboost,0.8582470670983579,0.6283776119653187,0.2588962231921457,0.29696904270573143
6,1.0,2.800287522507073,randomforest,0.8479257507716873,0.6480888485504465,0.29694319634541155,0.4221103047467555
7,0.0,2.1086806408473873,maxent,0.6958573172291211,0.6689280221830113,0.3495551070713234,0.6008962763330246
7,0.0,2.1086806408473873,xgboost,0.7302148769887405,0.7255258588319187,0.4472372365447648,0.5252240660929827
7,0.0,2.1086806408473873,randomforest,0.7245562714434495,0.7209993663863526,0.4139001892849552,0.5493409992804448
7,0.1,2.1771368045765955,maxent,0.6926794184402294,0.6738709786648074,0.35002458552143223,0.6532358062832415
7,0.1,2.1771368045765955,xgboost,0.7212820401253672,0.7145759454560949,0.42111932179328504,0.493247741081308
7,0.1,2.1771368045765955,randomforest,0.71950408073335,0.7144109068725403,0.4091463386849316,0.475570384566604
7,0.2,2.2598782585630413,maxent,0.7250016569309319,0.6790021748083532,0.3691326927349869,0.7376074392435648
7,0.2,2.2598782585630413,xgboost,0.7456913948905066,0.7273399028668988,0.45249623432076014,0.49665180191074104
7,0.2,2.2598782585630413,randomforest,0.731172357819507,0.7229260199103325,0.43547198630864126,0.4181444669190362
7,0.3,2.2806693029874894,maxent,0.6862511046365742,0.6617613059586438,0.34098274928731964,0.6424438113138037
7,0.3,2.2806693029874894,xgboost,0.7383626155435592,0.713476112842071,0.4288354431009891,0.4943028140776301
7,0.3,2.2806693029874894,randomforest,0.7267053132215711,0.707306996355087,0.41919422357097497,0.3964219730429748
7,0.4,2.443560140286363,maxent,0.7214152846207718,0.6668244274444282,0.35353973050497645,0.6904607279452298
7,0.4,2.443560140286363,xgboost,0.7558385762543034,0.7050393029337134,0.38910776805495934,0.4880899163997868
7,0.4,2.443560140286363,randomforest,0.7605626999766415,0.7156285172085768,0.42286535847651174,0.5345383729819434
7,0.5,2.457230753823618,maxent,0.7402742285431663,0.6670939373503678,0.3283730332564462,0.7536087204658415
7,0.5,2.457230753823618,xgboost,0.7706250728969717,0.7185042654213093,0.4227700528348306,0.4656474128302467
7,0.5,2.457230753823618,randomforest,0.7693081625013044,0.7145991320585562,0.42832759683242144,0.5089737689072045
7,0.6,2.5438002256340244,maxent,0.7368913095567625,0.6526795567810548,0.3343379109613411,0.6222018382594381
7,0.6,2.5438002256340244,xgboost,0.7810176047317936,0.7178031164724169,0.3916248284201308,0.6359290839243339
7,0.6,2.5438002256340244,randomforest,0.7744555463145686,0.6992518312314999,0.39206606988752685,0.5749735110285036
7,0.7,2.5805889970720366,maxent,0.7537331292906075,0.6407965686574537,0.30430428053707353,0.6077609800131051
7,0.7,2.5805889970720366,xgboost,0.8005138499136695,0.6909213107491154,0.34666245256032435,0.49004094457786496
7,0.7,2.5805889970720366,randomforest,0.783111271846162,0.6826885031232829,0.36689127572201097,0.4863333129166413
7,0.8,2.6851883648802133,maxent,0.7775732242385153,0.6377749041170755,0.3024935504136797,0.5549393621228176
7,0.8,2.6851883648802133,xgboost,0.8125528549687486,0.6762234657393715,0.3230014547347036,0.47919955871451736
7,0.8,2.6851883648802133,randomforest,0.809925898350266,0.671854305611003,0.3512817973551547,0.505550640429975
7,0.9,2.736019486428135,maxent,0.7964309017942732,0.615536674310516,0.27017129063889417,0.29447295629633896
7,0.9,2.736019486428135,xgboost,0.8362060823472245,0.6620516445302492,0.3212025071535403,0.2926725870398951
7,0.9,2.736019486428135,randomforest,0.8353395762675253,0.6642731833001847,0.3269412970789,0.5018537979499303
7,1.0,2.8176878933391234,maxent,0.8194945492067159,0.569278952850452,0.19910574817862123,-0.06631750913809738
7,1.0,2.8176878933391234,xgboost,0.8762125112332783,0.63283185497033,0.27408535582850035,0.34084824193523183
7,1.0,2.8176878933391234,randomforest,0.8554473388090653,0.6439365684551861,0.2837057569581975,0.44727348556097635
8,0.0,2.0968145824018487,maxent,0.661598549849363,0.646877805235882,0.31598731409387854,0.5289926814054537
8,0.0,2.0968145824018487,xgboost,0.7000118683141245,0.6944221580651251,0.40578691757460783,0.20039497867453027
8,0.0,2.0968145824018487,randomforest,0.6959050554145307,0.6969309971944468,0.386235893888601,0.494808479060773
8,0.1,2.1798371130258967,maxent,0.6772800570811703,0.6614635765095807,0.37648383719036826,0.5952226747051033
8,0.1,2.1798371130258967,xgboost,0.7278995211133784,0.7145712768580301,0.41305790711872703,0.5595224205141716
8,0.1,2.1798371130258967,randomforest,0.708196057571185,0.7081697769094648,0.39364107629515604,0.559027806647118
8,0.2,2.2459981894460648,maxent,0.675950923727433,0.6564884338348688,0.35010504520905456,0.627923356349454
8,0.2,2.2459981894460648,xgboost,0.7326323970500306,0.7105526277467916,0.40968017962652914,0.5000876446609636
8,0.2,2.2459981894460648,randomforest,0.7209305666095185,0.6978088598294576,0.40097782485809946,0.4404705716447482
8,0.3,2.361494362179366,maxent,0.7071278096104101,0.6528918201428812,0.3377334230848466,0.6756157037984326
8,0.3,2.361494362179366,xgboost,0.7309910310349569,0.7047058626101352,0.37411665680871764,0.5229405192946196
8,0.3,2.361494362179366,randomforest,0.735584912742952,0.702300405999978,0.3990661525374074,0.5943757786739112
8,0.4,2.3961879598998,maxent,0.7139688034920141,0.6633947603703916,0.335964898312427,0.7336158242592127
8,0.4,2.3961879598998,xgboost,0.737983150864349,0.694806834065081,0.38156728508659504,0.5248748403344555
8,0.4,2.3961879598998,randomforest,0.7269934034158634,0.6999315502227155,0.41792372159396096,0.6097843455533437
8,0.5,2.45965459910309,maxent,0.7459976136662474,0.6549154334673446,0.3388568391608446,0.6615566242555732
8,0.5,2.45965459910309,xgboost,0.7848342555167263,0.7065385963895542,0.39101819153307565,0.6000294194728324
8,0.5,2.45965459910309,randomforest,0.768041902426104,0.6921572923209687,0.40450229794650044,0.5339927051057318
8,0.6,2.5298196154555557,maxent,0.73430580253149,0.637370602579497,0.3048635973370601,0.6157160976865299
8,0.6,2.5298196154555557,xgboost,0.7639151506945043,0.6760649261381563,0.34090643901233425,0.6040491591320638
8,0.6,2.5298196154555557,randomforest,0.7517030453083668,0.6622463418848488,0.3529870806804846,0.4997635866126501
8,0.7,2.610760427333518,maxent,0.76165186858787,0.6276853171962327,0.2955058385588321,0.5282301702137207
8,0.7,2.610760427333518,xgboost,0.7997270130463485,0.6735193740527907,0.32083414471217553,0.4102810121831541
8,0.7,2.610760427333518,randomforest,0.79862202283729,0.6736917929047525,0.3616436110140768,0.5872770476083986
8,0.8,2.6536458958008344,maxent,0.7706537401078554,0.6094183201439919,0.2745847588739637,0.5036730800602317
8,0.8,2.6536458958008344,xgboost,0.8068896899991028,0.6471703311581903,0.2955148192554239,0.3681032568208689
8,0.8,2.6536458958008344,randomforest,0.8004223013283374,0.6525166067556138,0.333392032156299,0.4114410286605101
8,0.9,2.746177375431819,maxent,0.7999475435451772,0.5942476693533186,0.2619634618063233,0.4068547611389759
8,0.9,2.746177375431819,xgboost,0.8497873244111117,0.6380924852530139,0.29149919521186024,0.3403797554709726
8,0.9,2.746177375431819,randomforest,0.8378632556180788,0.650925478179136,0.32157606544607314,0.533953746836693
8,1.0,2.8093746062929355,maxent,0.8139868214145938,0.5438788155658525,0.15504211421966335,-0.08562962718475171
8,1.0,2.8093746062929355,xgboost,0.8763294717200756,0.6105852684989649,0.2582020576146967,0.17632624091805837
8,1.0,2.8093746062929355,randomforest,0.8489222950317892,0.626377510135856,0.2841494548609231,0.48193540077879743
9,0.0,2.120916252039477,maxent,0.6880115636352853,0.6565102748769372,0.34138268351000123,0.5927989740252915
9,0.0,2.120916252039477,xgboost,0.7348966603112725,0.7215893741904942,0.43921715965896124,0.5723979324997107
9,0.0,2.120916252039477,randomforest,0.7111623557272557,0.7020018151853751,0.38670144737456075,0.4760926811432851
9,0.1,2.156822859421535,maxent,0.6837373210790174,0.6556104607801492,0.3310563141973863,0.6222023322830824
9,0.1,2.156822859421535,xgboost,0.745264535464052,0.7266161773213256,0.4528710352018967,0.4160607199598932
9,0.1,2.156822859421535,randomforest,0.7106293010789446,0.6996716223929392,0.39580819505150666,0.5293050786183336
9,0.2,2.234805776296513,maxent,0.6955724033871558,0.6661606182495474,0.3545301433877307,0.6230444854816228
9,0.2,2.234805776296513,xgboost,0.719737399854582,0.704334993846929,0.4125995528364893,0.4013875835122961
9,0.2,2.234805776296513,randomforest,0.720361253128607,0.7033680535410282,0.4117176991666467,0.427795498858574
9,0.3,2.3218285000802266,maxent,0.7047113925376425,0.6516103875477954,0.33925259338851166,0.6596392442686778
9,0.3,2.3218285000802266,xgboost,0.7609597722809427,0.7220910025987051,0.4167985712189653,0.4667509991459807
9,0.3,2.3218285000802266,randomforest,0.7440565342713221,0.7127033935393877,0.4036796967038493,0.5393422875810718
9,0.4,2.40737324615275,maxent,0.7132329133741511,0.6555298261166461,0.31794170801401866,0.6290989248450529
9,0.4,2.40737324615275,xgboost,0.7351292612191319,0.695829047599829,0.38909619435639664,0.49933259583747336
9,0.4,2.40737324615275,randomforest,0.7483294396794048,0.7035362754147527,0.3923561063795208,0.5199243906459967
9,0.5,2.459675056710149,maxent,0.7375615266360539,0.6553624785634702,0.3191867023001108,0.7087794768646228
9,0.5,2.459675056710149,xgboost,0.7708857476387919,0.703799923887394,0.3854152984701876,0.5919992855244784
9,0.5,2.459675056710149,randomforest,0.7762905595261985,0.6988550515699639,0.3961516597170146,0.5337952690955083
9,0.6,2.560151351058122,maxent,0.7406400551960866,0.6418101479383825,0.3037880772799696,0.6644722048822257
9,0.6,2.560151351058122,xgboost,0.761546106725677,0.6731923286456073,0.3119456456388451,0.5066860910967435
9,0.6,2.560151351058122,randomforest,0.7661981264693055,0.680044761024166,0.35667124703561137,0.5671618707048536
9,0.7,2.562889319507941,maxent,0.760401052955706,0.6376685836993914,0.2966839362142641,0.509212336103579
9,0.7,2.562889319507941,xgboost,0.7997535457477728,0.6776088760033079,0.36303764857755166,0.38897775006768615
9,0.7,2.562889319507941,randomforest,0.7935388645537351,0.6741295414811252,0.3432899231559654,0.4870950457284078
9,0.8,2.6759729317904672,maxent,0.7824972960634297,0.6132384470204768,0.25822455476066775,0.4635556769648293
9,0.8,2.6759729317904672,xgboost,0.8154613934708717,0.6525057826877593,0.28377321498064345,0.36546775328119907
9,0.8,2.6759729317904672,randomforest,0.821893059407207,0.6552473948352707,0.3091860800908804,0.4693768155332779
9,0.9,2.735196049635385,maxent,0.8050166504384458,0.609051766063825,0.25100791889199653,0.4175028645803578
9,0.9,2.735196049635385,xgboost,0.8450536875893706,0.6462404692192407,0.3142363238483459,0.30200396088905174
9,0.9,2.735196049635385,randomforest,0.8318834748542301,0.6434936316893615,0.30022510527384283,0.4471504637851756
9,1.0,2.8115221462782163,maxent,0.8146107376669022,0.544333347390521,0.16399058496449112,-0.07762001631121203
9,1.0,2.8115221462782163,xgboost,0.8678183288270056,0.6146044350133819,0.24529120779270533,0.11926220896200608
9,1.0,2.8115221462782163,randomforest,0.8450160337753043,0.6233553932436429,0.2736412642744642,0.34603951236271346
10,0.0,2.10668849087815,maxent,0.6954318759316893,0.6469233704060647,0.30859013768734433,0.5776962861945996
10,0.0,2.10668849087815,xgboost,0.7365912597998936,0.7089761081616741,0.4192006039990348,0.37858774017256674
10,0.0,2.10668849087815,randomforest,0.7186165727485971,0.698829569316401,0.39266036364873197,0.37658324976856283
10,0.1,2.189799646170696,maxent,0.7028257266444438,0.6558555692000864,0.33755678911857206,0.6632212313006913
10,0.1,2.189799646170696,xgboost,0.7139568055046537,0.7072953903743465,0.41681109950454276,0.4929526268917992
10,0.1,2.189799646170696,randomforest,0.7094820684909824,0.6965334274760284,0.36738124421421126,0.545747668860481
10,0.2,2.2789702159201886,maxent,0.6814815260564456,0.6395152639319128,0.31876633477901156,0.6229486531731508
10,0.2,2.2789702159201886,xgboost,0.7438583196271881,0.7197912093375846,0.4284717882415666,0.6326661376918157
10,0.2,2.2789702159201886,randomforest,0.720310581729561,0.7054382969966124,0.4023692170270608,0.4842211939579946
10,0.3,2.2851238809537113,maxent,0.6959463022323504,0.6376274770740844,0.32412217216510875,0.5176074028635258
10,0.3,2.2851238809537113,xgboost,0.7305944420020849,0.6975373146262906,0.37280276556988495,0.6050215185742785
10,0.3,2.2851238809537113,randomforest,0.735844849936022,0.6981724541710765,0.4087626096790767,0.4825795917427625
10,0.4,2.3996356269154004,maxent,0.7150509551659748,0.6425749552309828,0.3228398371743951,0.593619211608732
10,0.4,2.3996356269154004,xgboost,0.7477219699078471,0.6934006041745407,0.3581806474368976,0.4994383498077825
10,0.4,2.3996356269154004,randomforest,0.7494337973706245,0.6981757925134369,0.4140045819196323,0.5345107035894083
10,0.5,2.451897748664394,maxent,0.7311745443404767,0.6392150533577443,0.3173954183966389,0.597509705372784
10,0.5,2.451897748664394,xgboost,0.7554401592871862,0.6921300452926133,0.37429192940536005,0.5852379885137989
10,0.5,2.451897748664394,randomforest,0.7644092652884843,0.6912460666074669,0.3917069524717028,0.49593201419970684
10,0.6,2.5037636034707575,maxent,0.7424513953579289,0.628473336638161,0.30970195733597955,0.5501373656803984
10,0.6,2.5037636034707575,xgboost,0.7677276499437973,0.6753192844578936,0.32899994369712676,0.4775943869861269
10,0.6,2.5037636034707575,randomforest,0.7718818784535418,0.6755518956016706,0.3905747864817963,0.44549753240120904
10,0.7,2.6124612127454583,maxent,0.7763765888798992,0.6491407043328373,0.3187417480487295,0.5927762434590831
10,0.7,2.6124612127454583,xgboost,0.7816181287594838,0.680298387495825,0.35534434664196096,0.5585684400340598
10,0.7,2.6124612127454583,randomforest,0.7862903994579146,0.6698945238458245,0.34875455736757244,0.5269922800190474
10,0.8,2.6749336139459285,maxent,0.7821750477543992,0.6171569884134319,0.27324623300881645,0.45882021141526713
10,0.8,2.6749336139459285,xgboost,0.8148239811539886,0.6654530417890248,0.31977762452437536,0.5396334499737242
10,0.8,2.6749336139459285,randomforest,0.813087427025477,0.6628697423072861,0.34146484302467367,0.5898303567000187
10,0.9,2.726207825633199,maxent,0.7975952885714138,0.611871858192995,0.26467723086580586,0.2993865005485133
10,0.9,2.726207825633199,xgboost,0.8300722713462662,0.6538699147811584,0.28565997344059924,0.4635601830572515
10,0.9,2.726207825633199,randomforest,0.8211121136353714,0.6425457315704108,0.3119754535495607,0.4470075695977485
10,1.0,2.835873370904084,maxent,0.8098882205043232,0.5430686242587168,0.16990307918625575,-0.12690216164984647
10,1.0,2.835873370904084,xgboost,0.8756621566406517,0.6196840011278915,0.2711173805790054,0.2434418084578381
10,1.0,2.835873370904084,randomforest,0.8598034486485426,0.6286056222574105,0.28361969835708417,0.3912985965427351
11,0.0,2.1128954833886655,maxent,0.6697050269872162,0.650450885822101,0.31401090162286344,0.6379014979012879
11,0.0,2.1128954833886655,xgboost,0.724671235827403,0.7118129603403114,0.40704749813700036,0.5804071384165198
11,0.0,2.1128954833886655,randomforest,0.7153513561475527,0.7005320835288558,0.37622513330100915,0.5304826183733982
11,0.1,2.16623615914267,maxent,0.68409811957833,0.651355810547656,0.32104262531274497,0.6378009589021991
11,0.1,2.16623615914267,xgboost,0.7342812292821914,0.7163233329727146,0.436418340189641,0.404561689941934
11,0.1,2.16623615914267,randomforest,0.7072072553106706,0.693522729545051,0.38980141206042224,0.4158559583626745
11,0.2,2.2470884952563046,maxent,0.6876693012642112,0.6535739807779197,0.32315158707038627,0.6480692812551807
11,0.2,2.2470884952563046,xgboost,0.7133809462861256,0.7029467184060321,0.3909453031550531,0.49302350149832996
11,0.2,2.2470884952563046,randomforest,0.712170019109388,0.6896254090145847,0.389141037594727,0.4685642084810248
11,0.3,2.3353354396716184,maxent,0.716666859718937,0.653976347166181,0.31914065316108825,0.6400847120263431
11,0.3,2.3353354396716184,xgboost,0.7716251470328991,0.7159580157721124,0.424389037660474,0.4572586247290637
11,0.3,2.3353354396716184,randomforest,0.752730351538317,0.7018461136701124,0.3963210547503221,0.45862560944582037
11,0.4,2.416486920909052,maxent,0.7363898682173924,0.6620900195755568,0.3459686192500587,0.5146667788439665
11,0.4,2.416486920909052,xgboost,0.786170314193052,0.717085369657628,0.43250477898416123,0.564690993044204
11,0.4,2.416486920909052,randomforest,0.7621979940989742,0.6984998176822675,0.4163814213913083,0.44604245510799484
11,0.5,2.4611516038523615,maxent,0.7117387712316349,0.6415303431360446,0.3028283121715537,0.6159222484480158
11,0.5,2.4611516038523615,xgboost,0.7341176084829548,0.6714165114767628,0.34318201600127973,0.4539425724114435
11,0.5,2.4611516038523615,randomforest,0.7370572992238623,0.6708862264015311,0.35310490357782376,0.5687225228499875
11,0.6,2.5082966958281285,maxent,0.742090603450265,0.6490466067743048,0.31918737114263535,0.6540626758713859
11,0.6,2.5082966958281285,xgboost,0.7799498633195041,0.7044243967529719,0.3899985143224109,0.5610676967671456
11,0.6,2.5082966958281285,randomforest,0.7665292749243153,0.6787222617724191,0.35962922159072275,0.550568891577887
11,0.7,2.5793941062378365,maxent,0.7447784946130259,0.6372399512357607,0.30758249043388536,0.4825515001114106
11,0.7,2.5793941062378365,xgboost,0.769368256026843,0.6596316034863192,0.3225119786324979,0.589776816871914
11,0.7,2.5793941062378365,randomforest,0.7765247803227927,0.6611832572470779,0.3517277602931328,0.5286372762671766
11,0.8,2.6914778838848084,maxent,0.762969833557476,0.6155232920560655,0.26797815900726174,0.4709434800017922
11,0.8,2.6914778838848084,xgboost,0.8032953016248638,0.663235642998744,0.32148921957616006,0.484233997985237
11,0.8,2.6914778838848084,randomforest,0.7917448976366039,0.6547705139604855,0.3333384430177396,0.5205535153237717
11,0.9,2.756186377522014,maxent,0.7989084658517391,0.6061351544613484,0.25059299288421377,0.38626583959245997
11,0.9,2.756186377522014,xgboost,0.8337205229731582,0.6452087570319213,0.2840440505367464,0.3234722153027526
11,0.9,2.756186377522014,randomforest,0.8296310352300844,0.6433545859618032,0.29216909876719416,0.41912426698662647
11,1.0,2.813450631113669,maxent,0.8163689855060772,0.5446860025349756,0.17219844695935121,-0.09687687945128187
11,1.0,2.813450631113669,xgboost,0.8761662284878128,0.6174302017556903,0.2786014942176339,0.1508972453151198
11,1.0,2.813450631113669,randomforest,0.851608184117746,0.630583179670574,0.28838249845509323,0.4254821770829575
12,0.0,2.1064101497231214,maxent,0.6884805222186394,0.6683735005253629,0.3465714091760838,0.644388153663014
12,0.0,2.1064101497231214,xgboost,0.7141708208265114,0.7107954701484364,0.40847740921441106,0.5787551736916848
12,0.0,2.1064101497231214,randomforest,0.7137158231392514,0.7083009336603745,0.40456865723250185,0.4842192777008657
12,0.1,2.176170243680078,maxent,0.6896379386736442,0.6579023730484159,0.36878607692357834,0.564467668572976
12,0.1,2.176170243680078,xgboost,0.7109418752774621,0.6995412784706836,0.3908066844951856,0.532897571757571
12,0.1,2.176170243680078,randomforest,0.7256832511191206,0.7086461272017466,0.40466644130307045,0.4974632083924635
12,0.2,2.224919438185869,maxent,0.6956796496251081,0.6672567505572639,0.35551955449473444,0.5826984516452047
12,0.2,2.224919438185869,xgboost,0.7473225799962592,0.7162994118325328,0.4099236503917165,0.5643826281673145
12,0.2,2.224919438185869,randomforest,0.7257941367447269,0.7106972950254619,0.4021169545754284,0.49813543875567723
12,0.3,2.3119253106461106,maxent,0.702219781133347,0.654952005340557,0.3592373505198144,0.6542166278141688
12,0.3,2.3119253106461106,xgboost,0.7618458764651039,0.7118230520767612,0.4043554753748603,0.6272079027439376
12,0.3,2.3119253106461106,randomforest,0.7458728538927022,0.7047298195668608,0.3988977134980308,0.5412771645299153
12,0.4,2.3938778788351476,maxent,0.7148413716573307,0.6520285845718539,0.3246911045027226,0.7332948868355426
12,0.4,2.3938778788351476,xgboost,0.7476622352785902,0.7037381479592957,0.40271575472215293,0.6214973667702748
12,0.4,2.3938778788351476,randomforest,0.7391976176750087,0.6965620507964164,0.41452772439881047,0.5476416539143951
12,0.5,2.4676373200176105,maxent,0.7137010107763737,0.6388235599884625,0.32558507059078373,0.6459527883132886
12,0.5,2.4676373200176105,xgboost,0.7347185027863891,0.6749092250415141,0.3339811750380274,0.5527687373021257
12,0.5,2.4676373200176105,randomforest,0.7549341308865595,0.6860019153920607,0.3810147081669649,0.3790582993189068
12,0.6,2.5471060194587807,maxent,0.7278597679090708,0.6421674509646739,0.33403536438460885,0.6013805376387313
12,0.6,2.5471060194587807,xgboost,0.7685135767571821,0.6900724503486384,0.3833019692211476,0.626686505562049
12,0.6,2.5471060194587807,randomforest,0.7708388657755838,0.6876222771224368,0.3738871975916232,0.5595998252426064
12,0.7,2.5801179685988607,maxent,0.7552319574211867,0.6446791179483826,0.33498479593642877,0.6016585318668024
12,0.7,2.5801179685988607,xgboost,0.7979971450496341,0.6891108670970872,0.3618179363323679,0.4762335823260826
12,0.7,2.5801179685988607,randomforest,0.7919266013455533,0.6810135273248671,0.35758170353637936,0.5523919716442808
12,0.8,2.673596701447008,maxent,0.769550780849818,0.6136679020089364,0.2647571527171128,0.5443585001123202
12,0.8,2.673596701447008,xgboost,0.8013664941396692,0.6583108064227348,0.32847185140333784,0.5134001844922149
12,0.8,2.673596701447008,randomforest,0.8061620046052285,0.6585450562280222,0.3148708297471958,0.6160467053557134
12,0.9,2.7344230490930075,maxent,0.7919944417656837,0.6051395996632914,0.2505738580123967,0.4749394405289717
12,0.9,2.7344230490930075,xgboost,0.8363514316805929,0.6544548873912673,0.29118256847936763,0.36677514723294474
12,0.9,2.7344230490930075,randomforest,0.8144131629757185,0.6403485000157751,0.29916492939068795,0.5150700468994822
12,1.0,2.7763394364196836,maxent,0.807592399326637,0.5379461404300627,0.15628745671851768,-0.06964521589238937
12,1.0,2.7763394364196836,xgboost,0.870356476106678,0.6140964518106371,0.2678233658461434,0.20340697108525765
12,1.0,2.7763394364196836,randomforest,0.8598449830468322,0.6335315716262542,0.28859682268101733,0.46960155707273926
13,0.0,2.085198497162048,maxent,0.7012941775812157,0.6766889218300295,0.3720761123407733,0.5235685679317024
13,0.0,2.085198497162048,xgboost,0.7579381414773081,0.7472307376494792,0.4806774790802984,0.45039371311166454
13,0.0,2.085198497162048,randomforest,0.7225891057500812,0.7230584416629785,0.4243122081910659,0.6131610648457881
13,0.1,2.174717230481741,maxent,0.6831928678563358,0.6646117653050249,0.34189591152229204,0.6072065486544925
13,0.1,2.174717230481741,xgboost,0.7141081865531775,0.7148692496520554,0.39071958868185364,0.5853378127640085
13,0.1,2.174717230481741,randomforest,0.7050527957334094,0.7130630968423033,0.4012332392669788,0.6237829728600165
13,0.2,2.286485358976105,maxent,0.6981023735618195,0.6721013765837812,0.3523474062615056,0.6630504217744669
13,0.2,2.286485358976105,xgboost,0.709735395968844,0.7186529407792756,0.42341055172566905,0.4882900971706259
13,0.2,2.286485358976105,randomforest,0.7195361884651733,0.7154131775054171,0.4003054879185511,0.6656830506957202
13,0.3,2.3037841285909724,maxent,0.6944343829423019,0.6673564754422177,0.34654646159433045,0.6336017526118152
13,0.3,2.3037841285909724,xgboost,0.7434701554580976,0.7242268587893885,0.40053045023245265,0.5826842669472856
13,0.3,2.3037841285909724,randomforest,0.7219423102373631,0.708616672802796,0.41937888068597423,0.5620106590560636
13,0.4,2.3952399642699365,maxent,0.723890002835631,0.6563836431334447,0.33402003122263524,0.6108117548590346
13,0.4,2.3952399642699365,xgboost,0.7563853796379466,0.7218047690269994,0.42160742401062984,0.6056438417928375
13,0.4,2.3952399642699365,randomforest,0.753158725804634,0.7198287294165797,0.4288757013918163,0.6393307705207507
13,0.5,2.4590084559956713,maxent,0.7305180447582309,0.6537810040930069,0.32902871577686454,0.6471734750946854
13,0.5,2.4590084559956713,xgboost,0.7673339941661986,0.7102757390234204,0.40138445776963183,0.5821657314694155
13,0.5,2.4590084559956713,randomforest,0.7620973557411121,0.7060580455369014,0.41571308428936293,0.5603325140133102
13,0.6,2.540209481992712,maxent,0.7469176157202508,0.6487677838810095,0.3045094836527857,0.6097987970007657
13,0.6,2.540209481992712,xgboost,0.7997558530148864,0.7142273204830503,0.3931415602329655,0.6314811937454374
13,0.6,2.540209481992712,randomforest,0.7816968405645263,0.6984361039284568,0.3940365376008198,0.5761314085594404
13,0.7,2.5994097804876692,maxent,0.7557227666135916,0.6426665559633536,0.31686928076596843,0.5124106692332598
13,0.7,2.5994097804876692,xgboost,0.7818808023085887,0.6673719355964579,0.3247838233406174,0.5510285642632116
13,0.7,2.5994097804876692,randomforest,0.7813257676605598,0.6760748789892543,0.34059372606724436,0.5876619809430934
13,0.8,2.680433131068134,maxent,0.7760354413340425,0.6383040268482378,0.31122770726056687,0.5054257279268869
13,0.8,2.680433131068134,xgboost,0.8099057817367402,0.672710308861413,0.325710340056771,0.4667845971367407
13,0.8,2.680433131068134,randomforest,0.8063169762687764,0.6717978898242348,0.3521683662998666,0.5069954661870366
13,0.9,2.7284603769093017,maxent,0.7977890770545532,0.6238800028425306,0.2749685862423445,0.522670865926526
13,0.9,2.7284603769093017,xgboost,0.8298417182929612,0.6532898488439047,0.301953048182302,0.40108225118720986
13,0.9,2.7284603769093017,randomforest,0.8274946146003067,0.663512465018642,0.3284178974959679,0.508624757293586
13,1.0,2.795076018582587,maxent,0.8087739791753815,0.5617140679874245,0.19756705437815797,-0.13623933197981025
13,1.0,2.795076018582587,xgboost,0.8707881665094044,0.6239905868749211,0.2733344347556791,0.14115503743071023
13,1.0,2.795076018582587,randomforest,0.850469740460268,0.6439006150625136,0.3100574291732574,0.44989170225247965
14,0.0,2.0786551849630355,maxent,0.668219951368444,0.6550975429892422,0.3359059417355002,0.5107815384500928
14,0.0,2.0786551849630355,xgboost,0.7135415156096359,0.7097981681983596,0.40772808785871745,0.42879975963773226
14,0.0,2.0786551849630355,randomforest,0.7197838738911413,0.6949445860162408,0.3765363975135726,0.5456287287054542
14,0.1,2.1684488671514845,maxent,0.6757667928264576,0.6599816412009899,0.35969273445505573,0.6451900129499388
14,0.1,2.1684488671514845,xgboost,0.7164292156784469,0.7019496959850083,0.4141615837745734,0.4261164907939678
14,0.1,2.1684488671514845,randomforest,0.7119235137725186,0.6956819721066271,0.39258541693512183,0.3984270480607597
14,0.2,2.2430692634787075,maxent,0.693539332192664,0.6789042998531123,0.3796888322795304,0.6102639262565177
14,0.2,2.2430692634787075,xgboost,0.7523690994054893,0.7249705053033961,0.4407051366917706,0.5598061809987935
14,0.2,2.2430692634787075,randomforest,0.7298131876960992,0.7054806625066767,0.39054536567253817,0.5426298233863054
14,0.3,2.3291683883637813,maxent,0.73405945737554,0.6764742766149572,0.34809341321916476,0.6993793963980827
14,0.3,2.3291683883637813,xgboost,0.7569495373473949,0.7129217226701782,0.42921011158829375,0.46390084125245395
14,0.3,2.3291683883637813,randomforest,0.7418770507026531,0.6901372816118341,0.37734742503183566,0.5630934103636747
14,0.4,2.408961035949745,maxent,0.7183674915721779,0.6598903345672974,0.34566524740676663,0.652043462281711
14,0.4,2.408961035949745,xgboost,0.756411658171676,0.6912315604161149,0.3580088159317196,0.46048762798814347
14,0.4,2.408961035949745,randomforest,0.7551052169886976,0.6878608685582623,0.38710897830783597,0.35770132701762875
14,0.5,2.4311147268097115,maxent,0.7368799981537804,0.6699176332115139,0.34810862519385993,0.6898714665720921
14,0.5,2.4311147268097115,xgboost,0.756202061075024,0.6981292685153135,0.3752171191756168,0.5233945569791215
14,0.5,2.4311147268097115,randomforest,0.7501407035413934,0.6904175500314131,0.3932807478407698,0.4323074576007194
14,0.6,2.5457092628252096,maxent,0.7407087013356554,0.6459939812899816,0.31549843075711353,0.674158253678589
14,0.6,2.5457092628252096,xgboost,0.7758911353662578,0.6898066213940803,0.366611588521834,0.5538033656993517
14,0.6,2.5457092628252096,randomforest,0.7709617637164263,0.6833034712058538,0.3762123547880268,0.5560716332481788
14,0.7,2.591499009518593,maxent,0.746118488233747,0.6350905848949289,0.29328114026701047,0.5997127256723357
14,0.7,2.591499009518593,xgboost,0.7870953492838112,0.6650468030874696,0.32061383622863077,0.46782516187128875
14,0.7,2.591499009518593,randomforest,0.7790636976985098,0.6592773891141152,0.34337913622318567,0.5791621663301497
14,0.8,2.672378599753005,maxent,0.7836173881828307,0.622502722200015,0.26836818803885376,0.469979680675663
14,0.8,2.672378599753005,xgboost,0.8156100881698816,0.6680724209760183,0.31316756537327634,0.5068343107865418
14,0.8,2.672378599753005,randomforest,0.8110732412900944,0.6605282712877084,0.33230336057009774,0.5227577385995564
14,0.9,2.7394011856855296,maxent,0.8004876401873832,0.6253056793144649,0.2787441398230186,0.3809654821349271
14,0.9,2.7394011856855296,xgboost,0.8245615795690993,0.6457112473313794,0.28689981289170785,0.4753343702872462
14,0.9,2.7394011856855296,randomforest,0.8269141709130816,0.6431428550864448,0.30827466656410707,0.37341067227071234
14,1.0,2.8281490546115826,maxent,0.8107984231131482,0.5429934613629176,0.16215245609143744,-0.27191725767152713
14,1.0,2.8281490546115826,xgboost,0.8785839189064767,0.6124912017249937,0.2521227681945298,0.10714505697094698
14,1.0,2.8281490546115826,randomforest,0.8609212616113657,0.6313077556568817,0.3009716154002285,0.3589157699232498
15,0.0,2.1216006108312038,maxent,0.6761041701575815,0.6639320311653426,0.3318266277970304,0.49882829870605916
15,0.0,2.1216006108312038,xgboost,0.7096484744280268,0.7037489559188901,0.42327411524502095,0.5662992337938346
15,0.0,2.1216006108312038,randomforest,0.7163715781424647,0.7125007178869613,0.40704534320660224,0.5395914216340632
15,0.1,2.1729669395946396,maxent,0.690017429109987,0.6756516393808158,0.36497794533330563,0.5458799051008532
15,0.1,2.1729669395946396,xgboost,0.7281722507449365,0.7192248319885145,0.41054749087935516,0.5407502478203072
15,0.1,2.1729669395946396,randomforest,0.7247644664693176,0.7208843933358647,0.41006133872716,0.5279640201594793
15,0.2,2.2496476996423453,maxent,0.682510827929191,0.6633920117477298,0.34004022482629415,0.6721379319338908
15,0.2,2.2496476996423453,xgboost,0.7211438667012612,0.7146633584371372,0.4117588381414781,0.5791693765745786
15,0.2,2.2496476996423453,randomforest,0.7183276430174976,0.7033547255734666,0.4136439929402809,0.5931252244148731
15,0.3,2.2919455170901846,maxent,0.6930990947154084,0.6625929962651134,0.33680591139643135,0.5919387250659656
15,0.3,2.2919455170901846,xgboost,0.7341525236387658,0.7045167103886428,0.3995507326628416,0.5158185992620989
15,0.3,2.2919455170901846,randomforest,0.7373639279815876,0.7077842785012505,0.4084002566204436,0.424245337141389
15,0.4,2.391839409921705,maxent,0.6864362379303083,0.6514917245006575,0.31993366950993335,0.5701375272637248
15,0.4,2.391839409921705,xgboost,0.7205163505475118,0.6874447890401232,0.35741497757704555,0.6022774020656271
15,0.4,2.391839409921705,randomforest,0.7337828126594883,0.6924177105733068,0.3937836356341641,0.4560671275637193
15,0.5,2.4177217165874056,maxent,0.7330605190628686,0.6696416320120596,0.3457100579810447,0.6759491104307499
15,0.5,2.4177217165874056,xgboost,0.7602827706548532,0.7061624866483054,0.3924089936260323,0.640379261322198
15,0.5,2.4177217165874056,randomforest,0.7528194573313265,0.6948388622844115,0.39786122359007636,0.5838678097801819
15,0.6,2.519484042327451,maxent,0.7552425413978519,0.6450794022216725,0.29860305223584305,0.5860868506290126
15,0.6,2.519484042327451,xgboost,0.792520971568699,0.6942392463816823,0.3721932025354434,0.5353696912619055
15,0.6,2.519484042327451,randomforest,0.7818849443606364,0.6860114973756241,0.3770594131049404,0.5209986673572389
15,0.7,2.596802349719993,maxent,0.7702784869933058,0.6529424850886445,0.29962603144939787,0.5220052603114469
15,0.7,2.596802349719993,xgboost,0.7952909079687043,0.6746594002500202,0.31838520560631234,0.5580947193947465
15,0.7,2.596802349719993,randomforest,0.7963570182877178,0.6794483620452874,0.35082584003228073,0.5083967612183011
15,0.8,2.6675906552692683,maxent,0.7860177470211415,0.6269494425002565,0.27776077002128413,0.4075125417854176
15,0.8,2.6675906552692683,xgboost,0.8185841320345911,0.6708338112545975,0.3114489534549819,0.45857728915950435
15,0.8,2.6675906552692683,randomforest,0.8189786682552331,0.6644288900430444,0.3205304476614883,0.5166084356078426
15,0.9,2.7433254196287544,maxent,0.7945997805631291,0.5936855800480273,0.2310996890512289,0.3316892693011429
15,0.9,2.7433254196287544,xgboost,0.8460073260512331,0.6292217180600759,0.280512542707295,0.1802166122882779
15,0.9,2.7433254196287544,randomforest,0.8365252711380429,0.6369063314837495,0.276330746495431,0.3511461053619619
15,1.0,2.795031152566477,maxent,0.8080546292929295,0.5495407162730384,0.16433971290524174,-0.15187672722612552
15,1.0,2.795031152566477,xgboost,0.8670677207795316,0.6072975276675967,0.2575890531647942,0.004351578499177734
15,1.0,2.795031152566477,randomforest,0.8546143936463162,0.6324250322527114,0.2832294634675784,0.3707316924735361
16,0.0,2.1187728638086294,maxent,0.6778178481263857,0.6669818901594494,0.3656943800083964,0.5679918670553459
16,0.0,2.1187728638086294,xgboost,0.7160770884454168,0.712894737993065,0.42441377998753743,0.4948394005711389
16,0.0,2.1187728638086294,randomforest,0.7115045332935592,0.7068051630315381,0.3994722459055199,0.46658181544725885
16,0.1,2.1818202602927563,maxent,0.7070071588854524,0.6782868093788297,0.37305241167883996,0.6051485854438976
16,0.1,2.1818202602927563,xgboost,0.7684149309076689,0.7393921221249901,0.45778611070870967,0.4866760281609775
16,0.1,2.1818202602927563,randomforest,0.7488925036582055,0.7179318506799943,0.41544638767253594,0.46877927942925607
16,0.2,2.2185512817537334,maxent,0.7135569808787197,0.6881051099784601,0.39573445228276416,0.6948093028588118
16,0.2,2.2185512817537334,xgboost,0.7467673349543389,0.7243383984820065,0.40982100948071853,0.5535135316766591
16,0.2,2.2185512817537334,randomforest,0.7340851834527595,0.7155546306850237,0.41193366585792895,0.6386313617079067
16,0.3,2.3041104578053746,maxent,0.698375773658209,0.6742660449652039,0.3763024312105807,0.6432121779029104
16,0.3,2.3041104578053746,xgboost,0.7506662203903567,0.7122033650345466,0.3715096312609797,0.6482881974192791
16,0.3,2.3041104578053746,randomforest,0.744412648590688,0.7080575385962408,0.40182905922923284,0.5265580198235046
16,0.4,2.36524305398101,maxent,0.6959495242384011,0.6554863495444394,0.3424281224353213,0.6512143929355043
16,0.4,2.36524305398101,xgboost,0.7183800291555829,0.678412964451783,0.3102014246038792,0.5729022919546071
16,0.4,2.36524305398101,randomforest,0.7219211078587608,0.6881444185984369,0.37333568773089587,0.5763996005799936
16,0.5,2.467844666095171,maxent,0.7225383395741093,0.6620849056424296,0.3384265605460232,0.6903778788177325
16,0.5,2.467844666095171,xgboost,0.7740787266475146,0.7078436260307069,0.4103375318950901,0.5686756960991708
16,0.5,2.467844666095171,randomforest,0.7618986891461571,0.6976480521475523,0.38723665285107295,0.46084490820753626
16,0.6,2.5145777691767797,maxent,0.7395796252113943,0.6637621349886613,0.3405584641730971,0.6708117647469254
16,0.6,2.5145777691767797,xgboost,0.7733578916755869,0.6832200682247427,0.342552917902159,0.5099164328278885
16,0.6,2.5145777691767797,randomforest,0.7662917320157017,0.6838722109443504,0.3636690730174625,0.5201187924518854
16,0.7,2.60324669326881,maxent,0.7602874467588226,0.6502158817008984,0.32062101093758943,0.5856919450571533
16,0.7,2.60324669326881,xgboost,0.8042444609004973,0.6813324407676903,0.35572421368202434,0.5531319769082138
16,0.7,2.60324669326881,randomforest,0.8011550739138494,0.6787337309999456,0.3521985427365289,0.548270479363324
16,0.8,2.68070865471279,maxent,0.789131360222705,0.6365537443538882,0.3022757347560405,0.5424803859432237
16,0.8,2.68070865471279,xgboost,0.8186992860305843,0.6530728177297902,0.3134582130083393,0.43383035729500835
16,0.8,2.68070865471279,randomforest,0.8161975842454771,0.6589158774420503,0.32387538742185634,0.5505899050646722
16,0.9,2.745492882591717,maxent,0.8048186434403405,0.6138298594563342,0.25629237828004603,0.2900557909888256
16,0.9,2.745492882591717,xgboost,0.8329861353951138,0.6463770412248226,0.2945067580896777,0.35021243267135854
16,0.9,2.745492882591717,randomforest,0.8347847125818865,0.6510880228325153,0.304064596621505,0.44756168112832106
16,1.0,2.8068747954759092,maxent,0.8206748842837477,0.5559038962289337,0.18984615738476457,-0.09202384120302548
16,1.0,2.8068747954759092,xgboost,0.8569227943002,0.6100809538768286,0.2229343655442836,0.2589350736524222
16,1.0,2.8068747954759092,randomforest,0.8468647537131669,0.637844161902292,0.2796898796275159,0.40273900582154765
17,0.0,2.1189778303857683,maxent,0.6964549394613156,0.6675544144783031,0.32965496222932905,0.5848471180675812
17,0.0,2.1189778303857683,xgboost,0.7372341576768692,0.7242295353909465,0.43213853934631946,0.4816998095697711
17,0.0,2.1189778303857683,randomforest,0.723238629488838,0.707642502509868,0.40074738323494596,0.5670730928689327
17,0.1,2.1239303310428177,maxent,0.6887176753413649,0.6705736631745576,0.37158787359075823,0.49999758735737265
17,0.1,2.1239303310428177,xgboost,0.7293749160420319,0.7139115361494991,0.41794310027840853,0.559910887122505
17,0.1,2.1239303310428177,randomforest,0.7181570939737164,0.7051760106929142,0.3906043558443242,0.5135011339519362
17,0.2,2.2186174125124,maxent,0.7085956876939865,0.675320572104051,0.3553998063192613,0.6500726203601095
17,0.2,2.2186174125124,xgboost,0.7588954309480737,0.7324903103789868,0.43551373446174824,0.6250539295492762
17,0.2,2.2186174125124,randomforest,0.7443862549846271,0.7087321215693361,0.40935001304377056,0.5919869524006065
17,0.3,2.35713799386941,maxent,0.7099670973499567,0.6587092635050454,0.33441786164648946,0.600832734253463
17,0.3,2.35713799386941,xgboost,0.7585553423467003,0.7108540017049387,0.4044009730517762,0.5514931037473131
17,0.3,2.35713799386941,randomforest,0.7489180033433367,0.705505378700827,0.4197973090875221,0.5408725562949187
17,0.4,2.4136749619667124,maxent,0.7280666659688239,0.6577113976470325,0.32147900767670456,0.711354117261567
17,0.4,2.4136749619667124,xgboost,0.7599567481348612,0.698517118642728,0.40382797137640614,0.5336527665532672
17,0.4,2.4136749619667124,randomforest,0.741090032192122,0.694193796337667,0.40133888858448746,0.5141337352127388
17,0.5,2.440908440513836,maxent,0.7169285950795932,0.6516913004825771,0.3128674868693621,0.5966803286852794
17,0.5,2.440908440513836,xgboost,0.7581765875897758,0.6878000639473936,0.39397541232335814,0.5097137650974246
17,0.5,2.440908440513836,randomforest,0.7555956932603004,0.6919934944861587,0.393130317872292,0.47497799545703445
17,0.6,2.503552133519128,maxent,0.7343811698608746,0.6543230296654571,0.34096836197454844,0.5594624875342209
17,0.6,2.503552133519128,xgboost,0.7669451514798685,0.6874566591978777,0.3464105163459835,0.6069800779002614
17,0.6,2.503552133519128,randomforest,0.7696505236772897,0.6842507096338286,0.3677089216045651,0.5664387857849877
17,0.7,2.609831374852004,maxent,0.7542231568049281,0.6475208992946697,0.3002530257655075,0.6363570892313615
17,0.7,2.609831374852004,xgboost,0.786357383169212,0.6672185128391251,0.33301782081490006,0.45027533183649904
17,0.7,2.609831374852004,randomforest,0.7860729706685239,0.6738019016644862,0.33896286738184617,0.6093465076058606
17,0.8,2.6505315750997545,maxent,0.7675962651664776,0.6301515493050657,0.29142546579290796,0.5224580558006723
17,0.8,2.6505315750997545,xgboost,0.8001100824251466,0.6703193219997725,0.34225539335842653,0.493654126292807
17,0.8,2.6505315750997545,randomforest,0.8013686500791877,0.6608946701455427,0.3315529084538808,0.5584989583234096
17,0.9,2.7479387923664906,maxent,0.7917088151020939,0.6117744833220049,0.24040039342134262,0.48132189355420146
17,0.9,2.7479387923664906,xgboost,0.8250039893481764,0.6511852719903023,0.2949161436939976,0.42505180143240456
17,0.9,2.7479387923664906,randomforest,0.8239596840987294,0.6519469819922721,0.3238988256079426,0.5166843987753221
17,1.0,2.794820431174675,maxent,0.8026880575629104,0.5565033708416098,0.18247494923487595,-0.05765062242624264
17,1.0,2.794820431174675,xgboost,0.8578218433773455,0.6275467906750711,0.27351167571989865,0.05538966530812617
17,1.0,2.794820431174675,randomforest,0.8368072158141885,0.6396963788358448,0.29247753103243024,0.4560388244078779
18,0.0,2.1244660482811035,maxent,0.6619689229479533,0.6738590541549521,0.35694631712961444,0.6601211869511925
18,0.0,2.1244660482811035,xgboost,0.7138647252809042,0.7165150133074201,0.4256928384669935,0.5595956282586436
18,0.0,2.1244660482811035,randomforest,0.6988032594966839,0.7166193603459684,0.39727989803369507,0.6089034106359652
18,0.1,2.177256093633105,maxent,0.6811835430871909,0.6827084652671914,0.3509783944275334,0.7184658685022677
18,0.1,2.177256093633105,xgboost,0.7327068674575682,0.7139240988233981,0.40796883466062794,0.4609180573799206
18,0.1,2.177256093633105,randomforest,0.7156726367028542,0.7145421702320001,0.4200113637840001,0.5333462437276721
18,0.2,2.241517003891913,maxent,0.6794813584758541,0.6707772296822433,0.3493983229842931,0.6572414283381774
18,0.2,2.241517003891913,xgboost,0.7558456261209079,0.7226405140766217,0.4312464780853447,0.615065892861443
18,0.2,2.241517003891913,randomforest,0.7320912058518607,0.7164988464308064,0.40961065803182056,0.6489382584775848
18,0.3,2.305445948632987,maxent,0.6867515451071184,0.6696410347034559,0.34981754346807076,0.6113073171705885
18,0.3,2.305445948632987,xgboost,0.7150183327996655,0.7005124904445978,0.36524990833186505,0.5586573669838704
18,0.3,2.305445948632987,randomforest,0.7251928154543418,0.7122331562405078,0.42162922302277206,0.6099982843631379
18,0.4,2.3933812442645164,maxent,0.7215267943681632,0.6739235163151961,0.35398611657770873,0.6292617665728344
18,0.4,2.3933812442645164,xgboost,0.7527222844878054,0.7132455452350296,0.40370493395357965,0.6574980403082984
18,0.4,2.3933812442645164,randomforest,0.7542516278139333,0.7111915602726724,0.3981255735844269,0.5994871144089584
18,0.5,2.475008120561587,maxent,0.7099632654023722,0.6507566418676303,0.31562654779301563,0.6347426535067463
18,0.5,2.475008120561587,xgboost,0.7465846435549877,0.6811413765038913,0.36129637818222804,0.6162581601384785
18,0.5,2.475008120561587,randomforest,0.7438056817985996,0.673882325401286,0.3569470338395171,0.5295105464865186
18,0.6,2.498522818452455,maxent,0.7447442237156684,0.6625023835785981,0.3307895679527604,0.6063876663196837
18,0.6,2.498522818452455,xgboost,0.7607075428590262,0.6804265043261417,0.3428327340132653,0.5384235679651628
18,0.6,2.498522818452455,randomforest,0.772144221947734,0.6896361420528866,0.3833091560989419,0.5688990300510495
18,0.7,2.603328625699249,maxent,0.7684384277637968,0.6525371019495533,0.3144304005262354,0.5028970526737241
18,0.7,2.603328625699249,xgboost,0.7991522138823526,0.6802964996392435,0.31631511391346107,0.6277793176285182
18,0.7,2.603328625699249,randomforest,0.7865859307052322,0.6797030345927201,0.3728684175853564,0.5314574512399894
18,0.8,2.671874840944558,maxent,0.7743781473707259,0.629205388675153,0.27290980374501805,0.5415710163574656
18,0.8,2.671874840944558,xgboost,0.8165543811846041,0.6736129247921478,0.304437823926585,0.5501501110581467
18,0.8,2.671874840944558,randomforest,0.8082602081119828,0.664150843838615,0.3357361069430822,0.4591743478307623
18,0.9,2.7488597751373165,maxent,0.8025883864831103,0.6020706150524452,0.2534065902877593,0.49198279142383583
18,0.9,2.7488597751373165,xgboost,0.8441597573560357,0.6416826368275838,0.2675914892593761,0.27111513860564357
18,0.9,2.7488597751373165,randomforest,0.8365483030815799,0.6481189312129313,0.31622243168690967,0.42137388513966156
18,1.0,2.832987977874001,maxent,0.7963027391593098,0.5373067551134237,0.15892236253281836,-0.06443469544763755
18,1.0,2.832987977874001,xgboost,0.8606537361487625,0.6119323769655599,0.258953312436462,0.06794643597111036
18,1.0,2.832987977874001,randomforest,0.8455908049838581,0.6321692490350925,0.285608365234054,0.3507818432935022
19,0.0,2.1281326921575143,maxent,0.6699564914474465,0.6571754664914122,0.332377192461575,0.6669540396602179
19,0.0,2.1281326921575143,xgboost,0.7094715255566424,0.7212365714293882,0.42451819535491103,0.6334566687199457
19,0.0,2.1281326921575143,randomforest,0.6996080248696821,0.710425706377047,0.39919084726084864,0.6199322302456574
19,0.1,2.1812783948381367,maxent,0.7002020782759375,0.6471721438217377,0.3301079009142287,0.5044846734095062
19,0.1,2.1812783948381367,xgboost,0.7494629227315344,0.7335141275742224,0.42943606609158735,0.46052926743151634
19,0.1,2.1812783948381367,randomforest,0.735715031888333,0.7088277885083849,0.407693838014354,0.599596160176371
19,0.2,2.2612129160252823,maxent,0.6903943931937115,0.6536063371778453,0.3523500675343869,0.6286491477517645
19,0.2,2.2612129160252823,xgboost,0.7303487311455988,0.7156308294873014,0.4149935220249549,0.5218588661958441
19,0.2,2.2612129160252823,randomforest,0.7241218485355722,0.7052970817012272,0.41806604551398274,0.4192735950272256
19,0.3,2.3204155511144675,maxent,0.7052618276847153,0.6438800803249499,0.3152595647078459,0.6550785271284013
19,0.3,2.3204155511144675,xgboost,0.7353670335034513,0.6927353729333303,0.40158221876062583,0.5137550519623579
19,0.3,2.3204155511144675,randomforest,0.7400855299081252,0.7090520286276571,0.41162352171022176,0.4586327667827669
19,0.4,2.392474538062186,maxent,0.7123969065989133,0.6492782107345477,0.3369369454209907,0.701021281163945
19,0.4,2.392474538062186,xgboost,0.7490563055693146,0.7070567549073128,0.3864962901492015,0.3826920800186516
19,0.4,2.392474538062186,randomforest,0.7515236427255797,0.7004090032507952,0.40846067954050175,0.5845993714767355
19,0.5,2.457742534979692,maxent,0.7327441616168355,0.6410126087802948,0.3178146231706425,0.5777570826419104
19,0.5,2.457742534979692,xgboost,0.7660522735445439,0.6976931489182967,0.3732011431643552,0.5042073283342192
19,0.5,2.457742534979692,randomforest,0.764751669490429,0.6977119389767826,0.4014212649193062,0.5064941760802951
19,0.6,2.5625305735236665,maxent,0.7409293402288947,0.6402036763979911,0.31789412480076085,0.6069852000305196
19,0.6,2.5625305735236665,xgboost,0.7660566769222112,0.6914678381195574,0.3602513964428196,0.6619444282373951
19,0.6,2.5625305735236665,randomforest,0.7626366923800337,0.6794097247057996,0.36488376528719146,0.5781630887225235
19,0.7,2.5896571822153676,maxent,0.7491873034373862,0.6280594227868047,0.288755680142098,0.5742603481091397
19,0.7,2.5896571822153676,xgboost,0.7664780221363491,0.6679779878973701,0.30339584209438697,0.5824904581457595
19,0.7,2.5896571822153676,randomforest,0.7713332037948334,0.6643150774504912,0.3477442783091923,0.49582066955310583
19,0.8,2.667610900183603,maxent,0.7807244843850059,0.6272491159477208,0.2964159044275274,0.4750390832996848
19,0.8,2.667610900183603,xgboost,0.8125555463594332,0.6733187218133686,0.33887703306781003,0.4675176479326867
19,0.8,2.667610900183603,randomforest,0.8149627658134732,0.6696773028325381,0.32184924254275754,0.5978071392883482
19,0.9,2.737021198943302,maxent,0.8177813481750162,0.6060913110540348,0.2535919304273973,0.4376622723530357
19,0.9,2.737021198943302,xgboost,0.8517590047542554,0.6519249261663672,0.2857539412677591,0.3882417551716139
19,0.9,2.737021198943302,randomforest,0.8378604754892015,0.6428934836763178,0.28444678285000957,0.5172063081921389
19,1.0,2.807799540529238,maxent,0.8039306985320742,0.55435649680592,0.1847985999406494,-0.049124237037122404
19,1.0,2.807799540529238,xgboost,0.8657400625202449,0.6241022705094746,0.26519250325279564,0.24104964570987625
19,1.0,2.807799540529238,randomforest,0.852200730570881,0.634277580233935,0.2815938870685597,0.47984181326829134
