surface,world,config,hard_frac,algorithm,n_observed,auc_own,auc_true,boyce,map_jaccard,spearman_full,spearman_remote
A_observed,0,random,-1.0,maxent,501,0.8537225779023222,0.8294865092478256,0.9111791239966531,0.722924257694395,0.9852651171620684,0.9679274101472943
A_observed,0,random,-1.0,xgboost,501,0.8372940263044782,0.8083973945754497,0.9722327351862026,0.5194650695327563,0.9188886433118887,0.8691785615307316
A_observed,0,random,-1.0,randomforest,501,0.8474474989655227,0.8137755431704983,0.9824729074694037,0.6496926868374951,0.9389328496809995,0.8668336260291639
A_observed,0,tgb,-1.0,maxent,501,0.8509293294523121,0.8302184752986745,0.9254733631004368,0.7011895466862628,0.9855463519195353,0.9564086411136871
A_observed,0,tgb,-1.0,xgboost,501,0.8332421300764095,0.7935965528108734,0.97262479468809,0.5218790659453537,0.914341601544112,0.8751217524337859
A_observed,0,tgb,-1.0,randomforest,501,0.8451574322024069,0.8157822257366675,0.9931803844822051,0.6212667240549177,0.9384703726920134,0.8603385612349145
A_observed,0,hybrid,0.0,maxent,501,0.753233524655232,0.4589330021045477,0.9829468020096315,0.0,-0.4536318395023168,-0.7477141801186783
A_observed,0,hybrid,0.0,xgboost,501,0.7176809131354366,0.5006519696834072,0.8530832607340536,0.004737965206698253,-0.3423602749108751,-0.7664889481552923
A_observed,0,hybrid,0.0,randomforest,501,0.7490961630663285,0.5104256044959871,0.6374652114982989,0.0,-0.2629483894607499,-0.6846611405853221
A_observed,0,hybrid,0.3,maxent,501,0.7897839185783337,0.45668411580871693,0.986916018523554,0.0,-0.4438826261416775,-0.7475810589777561
A_observed,0,hybrid,0.3,xgboost,501,0.7587373447682036,0.5051322533133338,0.9175525610627674,0.0003420896274824004,-0.32828205233882396,-0.7623695466566573
A_observed,0,hybrid,0.3,randomforest,501,0.7814952914233115,0.5171061801891443,0.72073117381185,0.0,-0.2585238233097852,-0.6778232331308683
A_observed,0,hybrid,0.7,maxent,501,0.8464806341446593,0.4661977957615364,0.8694277161651701,0.0,-0.4159342882441808,-0.7443563144742289
A_observed,0,hybrid,0.7,xgboost,501,0.8154202406637273,0.5393155769813657,0.9557909964323179,0.0016676432144949746,-0.27267319217954633,-0.780610828132133
A_observed,0,hybrid,0.7,randomforest,501,0.8333242388255744,0.5310137246229901,0.7456595494266942,0.0,-0.24584314287316777,-0.7050913531719891
A_observed,0,hybrid,1.0,maxent,501,0.8857954169685984,0.5408388285468558,0.6279161974826911,0.04044943820224719,-0.15889554585401566,-0.6392035515735317
A_observed,0,hybrid,1.0,xgboost,501,0.8821293678985269,0.5979542664482768,0.829865996417291,0.16947493606407274,-0.0204789881093074,-0.6811994447462517
A_observed,0,hybrid,1.0,randomforest,501,0.8870266665509282,0.558216272833573,0.8336682475103556,0.0,-0.1889209179942259,-0.7140888615471447
A_observed,1,random,-1.0,maxent,498,0.8568345460854407,0.8504400197796065,0.9870150292895226,0.873830120908585,0.9933312228629666,0.9731869939102996
A_observed,1,random,-1.0,xgboost,498,0.8314413605999411,0.8389891133253528,0.9702237130194797,0.62297165057619,0.9513018800383422,0.9041792604949673
A_observed,1,random,-1.0,randomforest,498,0.8454842934435112,0.8437036364432691,0.9971999188773548,0.7270480719914207,0.9485533729938231,0.8611656543973454
A_observed,1,tgb,-1.0,maxent,498,0.8509113024898433,0.8486813538516543,0.9883980992338399,0.7763000143868791,0.988928780614019,0.9689843983112557
A_observed,1,tgb,-1.0,xgboost,498,0.8291717850016591,0.8383533756982354,0.9787491860867954,0.5482792253030514,0.9527402353164063,0.9194738157059562
A_observed,1,tgb,-1.0,randomforest,498,0.8389816462906593,0.8425705459004778,0.994711394034835,0.7023884301319075,0.9478914413853756,0.8533301168554838
A_observed,1,hybrid,0.0,maxent,498,0.7377756756145876,0.4705903188020838,0.9671690992979879,0.00019802336675727735,-0.5264128626456188,-0.7373268518772756
A_observed,1,hybrid,0.0,xgboost,498,0.6938253303285469,0.5214004387081457,0.8444426804867463,0.0,-0.45797944482402336,-0.8378314947570619
A_observed,1,hybrid,0.0,randomforest,498,0.7136020630195403,0.5528848368509539,0.525400481657678,0.008842808635810651,-0.3657983213226293,-0.7975490243619172
A_observed,1,hybrid,0.3,maxent,498,0.7836792280591844,0.4659711408143329,0.9694232348634705,1.799888406918771e-05,-0.5319245918740615,-0.742816684677015
A_observed,1,hybrid,0.3,xgboost,498,0.7542008169280934,0.5307481321622369,0.9165790925958223,0.0,-0.4639386205517558,-0.8582273311124922
A_observed,1,hybrid,0.3,randomforest,498,0.7645071915936985,0.5742751068017902,0.7702585039593053,0.011763848927413775,-0.33223634474781316,-0.7746168116887956
A_observed,1,hybrid,0.7,maxent,498,0.8332555098921599,0.4780076134841635,0.9629698657597467,8.999361045365779e-06,-0.5092599879504164,-0.739396045694544
A_observed,1,hybrid,0.7,xgboost,498,0.8080188804348178,0.5701983609178193,0.9641090290110973,0.0,-0.3401483902879304,-0.8229703271355989
A_observed,1,hybrid,0.7,randomforest,498,0.8195060980982488,0.6147715471319884,0.9052062038953984,0.012547497334681938,-0.23950811235610067,-0.7270457704994799
A_observed,1,hybrid,1.0,maxent,498,0.8639185963842875,0.5419072276867019,0.580724260495529,0.047165810677095604,-0.27920009855238964,-0.6547922079411589
A_observed,1,hybrid,1.0,xgboost,498,0.867965085115574,0.6187953657535739,0.8298804788587012,0.027680412847854836,-0.18545885985839433,-0.7773440578689759
A_observed,1,hybrid,1.0,randomforest,498,0.8677367863695767,0.6529245991049912,0.8683902457396437,0.3919579105599399,-0.05781990458116202,-0.6991613026791313
A_observed,2,random,-1.0,maxent,501,0.8603354874423225,0.8382458429613202,0.9808384489710139,0.833179358585192,0.9752036928691392,0.9186910445769151
A_observed,2,random,-1.0,xgboost,501,0.8408585783502257,0.8224760747088435,0.9864192187406908,0.572000509287422,0.9342073730019719,0.874498798469989
A_observed,2,random,-1.0,randomforest,501,0.849527905432458,0.836953774478939,0.9814805795022996,0.7372815108970951,0.9629704848278471,0.8890918346619279
A_observed,2,tgb,-1.0,maxent,501,0.8491609106353035,0.8367743999307719,0.9861413242356376,0.8018193316145352,0.9801685684736574,0.9382691616108659
A_observed,2,tgb,-1.0,xgboost,501,0.828974543084534,0.8163308458579541,0.9801081282551193,0.5224420452677152,0.9344737867275319,0.8874976427051849
A_observed,2,tgb,-1.0,randomforest,501,0.8393718251889725,0.8356021141203929,0.9970290864187724,0.6967475950526798,0.9645005698618893,0.8787370902727194
A_observed,2,hybrid,0.0,maxent,501,0.7628202938550075,0.5319788513144406,0.9669274921233179,8.999361045365779e-06,-0.31030569620347404,-0.7331341391026208
A_observed,2,hybrid,0.0,xgboost,501,0.732391012282118,0.6010808198852302,0.9032181711257051,0.003404278374253903,-0.09728888404879511,-0.5793155699463389
A_observed,2,hybrid,0.0,randomforest,501,0.7461578510277805,0.6051653851805866,0.8370229296759881,0.022103258919948122,-0.1315998733169455,-0.6276125047491807
A_observed,2,hybrid,0.3,maxent,501,0.7997878346621021,0.5403146514218304,0.9890622543106262,1.799888406918771e-05,-0.2797325953452666,-0.7266306801061299
A_observed,2,hybrid,0.3,xgboost,501,0.7672412094100995,0.6117125650945768,0.9586254808379902,0.00018902060324575378,-0.14804346878752675,-0.6587748048137569
A_observed,2,hybrid,0.3,randomforest,501,0.790692066926141,0.6197938757419598,0.8168433313919627,0.013961127840131399,-0.110721733112416,-0.6639566332100507
A_observed,2,hybrid,0.7,maxent,501,0.8538914884321281,0.546570788773956,0.8757739017662681,8.999361045365779e-06,-0.2934003197208445,-0.7417151633314039
A_observed,2,hybrid,0.7,xgboost,501,0.8447150171661706,0.6394968873942883,0.9890401159798728,0.019589851814469882,-0.04273004918732385,-0.6100395515438056
A_observed,2,hybrid,0.7,randomforest,501,0.8559101126109082,0.6636025469703077,0.8292593433998733,0.21340511263745263,0.007766488279508155,-0.6203966047005064
A_observed,2,hybrid,1.0,maxent,501,0.8808894531880179,0.5954147660984862,0.771318074146388,0.054769814902705265,-0.03044354391404395,-0.6086579243273331
A_observed,2,hybrid,1.0,xgboost,501,0.8938329581850113,0.6653937859691286,0.9701194597297933,0.11311455703810554,0.06139078269868351,-0.5506631118373513
A_observed,2,hybrid,1.0,randomforest,501,0.900734609134543,0.6751356913740866,0.63618308785638,0.4862966975643032,0.12220995587684456,-0.5901340500381191
A_observed,3,random,-1.0,maxent,496,0.8621211628165035,0.8485087383415696,0.9655096097845077,0.8166658492324292,0.9892837986905987,0.9576741282965833
A_observed,3,random,-1.0,xgboost,496,0.8583676531241583,0.8298304720178222,0.9573856232155459,0.571666996690334,0.9414933756716831,0.9104167573624626
A_observed,3,random,-1.0,randomforest,496,0.8625131540934683,0.8428805996213289,0.987542732300666,0.720576622330954,0.9554072345521141,0.877133498115245
A_observed,3,tgb,-1.0,maxent,496,0.8588461800476368,0.8442271994629247,0.9711208892702206,0.7121461918922667,0.985506887525464,0.9534060904054852
A_observed,3,tgb,-1.0,xgboost,496,0.8456041259931807,0.8272918625880068,0.981586791006335,0.5118367346938776,0.948064180746345,0.9176452790930292
A_observed,3,tgb,-1.0,randomforest,496,0.854234963444626,0.8423646040029376,0.99082256055064,0.6988228099678948,0.9558150674214365,0.8644670344408506
A_observed,3,hybrid,0.0,maxent,496,0.7275642954655026,0.4647851687209492,0.9740098253093871,0.0003240790752943718,-0.4933847556872961,-0.7566257005711907
A_observed,3,hybrid,0.0,xgboost,496,0.6986803087791504,0.5459793592823223,0.8597741287144185,0.0011351964971079518,-0.33170774853528145,-0.7355835135396898
A_observed,3,hybrid,0.0,randomforest,496,0.7288197005357192,0.5459062528896219,0.5335752447042149,0.0059567996233999025,-0.3194118755542361,-0.7500605052523093
A_observed,3,hybrid,0.3,maxent,496,0.7906979233792601,0.47306730805753927,0.951965497865125,0.0,-0.4445863075678859,-0.7474875755184959
A_observed,3,hybrid,0.3,xgboost,496,0.7701152610759954,0.5426192506487512,0.9356205602648107,0.0,-0.31164988256676274,-0.7597011580742479
A_observed,3,hybrid,0.3,randomforest,496,0.7878467402094987,0.5644334295228567,0.7027577975547525,0.003069146055244629,-0.29343603267569046,-0.7373293476734663
A_observed,3,hybrid,0.7,maxent,496,0.845765695807471,0.47955016874626655,0.9573115509394351,0.0,-0.4288063548688711,-0.7568262478489307
A_observed,3,hybrid,0.7,xgboost,496,0.8323444277890543,0.5640331298175062,0.9721146951545231,0.0007565114017075543,-0.22091964699641875,-0.758589173163442
A_observed,3,hybrid,0.7,randomforest,496,0.8464528440139427,0.6050306922425642,0.765935637207189,0.009475185551931829,-0.1971211769492392,-0.7388338281192324
A_observed,3,hybrid,1.0,maxent,496,0.8832132183152808,0.5387893870617132,0.7263662473347776,0.04576639656681442,-0.18444052224888577,-0.6598728460234918
A_observed,3,hybrid,1.0,xgboost,496,0.8988552232651165,0.6198958108583147,0.9119005891617745,0.05936525792950912,-0.09235032442766436,-0.7155965352786093
A_observed,3,hybrid,1.0,randomforest,496,0.9009009010501938,0.6687177700119248,0.6728170183738591,0.302650551563251,-0.04523825482144649,-0.6344206419314645
A_observed,4,random,-1.0,maxent,500,0.8633724351629242,0.8237427515317846,0.9525800815375653,0.9111172261970281,0.9908054931153522,0.9717589630633713
A_observed,4,random,-1.0,xgboost,500,0.8490208490014373,0.8151689168111208,0.9828439861566699,0.6486646884272997,0.9419681110514008,0.882649159398712
A_observed,4,random,-1.0,randomforest,500,0.8588894790154763,0.8188242274613478,0.9889602328394488,0.7930099719237099,0.9447573678000784,0.8247769118841399
A_observed,4,tgb,-1.0,maxent,500,0.8567706053557054,0.8240547744179318,0.9746619801942717,0.8194023741301678,0.9831362823620602,0.9520072414404087
A_observed,4,tgb,-1.0,xgboost,500,0.8385519238565381,0.8141093670751612,0.9821698539270461,0.6497171786154371,0.941598433784496,0.88835883586516
A_observed,4,tgb,-1.0,randomforest,500,0.8508552736517843,0.8220869116592946,0.9876160291047578,0.7872422556052369,0.9407360421624067,0.8006241753132943
A_observed,4,hybrid,0.0,maxent,500,0.7537723867944348,0.46146427074542523,0.9811384491211549,0.00018902060324575378,-0.4879211025508424,-0.7353964262768666
A_observed,4,hybrid,0.0,xgboost,500,0.7124271589833733,0.5604860364447908,0.8537891085574424,0.006539973550245475,-0.3157245854742312,-0.7641858609068214
A_observed,4,hybrid,0.0,randomforest,500,0.7450299272283076,0.6138707517338522,0.921091791185592,0.2522115417122122,-0.13966288942297628,-0.6215397325462307
A_observed,4,hybrid,0.3,maxent,500,0.7862985053672071,0.4659091103006071,0.9570352768669994,8.999361045365779e-06,-0.47912516653492776,-0.74187814057316
A_observed,4,hybrid,0.3,xgboost,500,0.7491913199235036,0.5732585375628425,0.9440677673002342,0.001054025566876571,-0.3202778999191346,-0.7974651937519283
A_observed,4,hybrid,0.3,randomforest,500,0.7735624033571666,0.6293625843148942,0.9099618810809726,0.22735707342935407,-0.10926316294775368,-0.6536873893263949
A_observed,4,hybrid,0.7,maxent,500,0.8503545140863652,0.47415922071446365,0.9325179459047009,0.00018001800180018,-0.4700081246335923,-0.7417788426950396
A_observed,4,hybrid,0.7,xgboost,500,0.8243374264577593,0.6288472740518417,0.9533704507721553,0.005074213768214256,-0.21879586062390424,-0.7625455063222288
A_observed,4,hybrid,0.7,randomforest,500,0.8405743126702883,0.6906843413730482,0.8856894915088567,0.6198250728862974,0.08173477276536643,-0.5765840888152816
A_observed,4,hybrid,1.0,maxent,500,0.8774977838411937,0.5320978936858898,0.6514070435250865,0.05898161649083684,-0.21766752309934168,-0.646602402291866
A_observed,4,hybrid,1.0,xgboost,500,0.8798764113906994,0.660585652529045,0.9542220830478452,0.16938878599090756,-0.01799710466654973,-0.7181197184338952
A_observed,4,hybrid,1.0,randomforest,500,0.8898785014196438,0.6989796161176051,0.6653639730758055,0.5579390115667718,0.1604768324399321,-0.5257889379107913
A_observed,5,random,-1.0,maxent,503,0.8585176961138797,0.846319759458377,0.978045946556117,0.8660262976708257,0.9847529239381493,0.951198279012014
A_observed,5,random,-1.0,xgboost,503,0.8419201932567815,0.8316149142763558,0.9821825910378739,0.601291177911635,0.9438421279191587,0.9033732310535064
A_observed,5,random,-1.0,randomforest,503,0.8490730056248632,0.8400985083060526,0.9972274375938585,0.7422116304228532,0.94329851273635,0.8512462167710466
A_observed,5,tgb,-1.0,maxent,503,0.8598637325618486,0.8458051855222719,0.970890919590838,0.8330583965687892,0.9799060483478653,0.9333377634935308
A_observed,5,tgb,-1.0,xgboost,503,0.8453333665778098,0.8288754451892457,0.9831578641732548,0.6236830954016103,0.9432785273009077,0.9090411400736637
A_observed,5,tgb,-1.0,randomforest,503,0.8475465556202224,0.8390053590905462,0.9967114700614033,0.7360872418210793,0.9389407737493927,0.8346473575231941
A_observed,5,hybrid,0.0,maxent,503,0.7558442347687633,0.5157125290402205,0.9227073117377489,4.499842505512307e-05,-0.4334129691490333,-0.7606988805889081
A_observed,5,hybrid,0.0,xgboost,503,0.7276501162211171,0.5629019952375238,0.9242480457353641,0.0,-0.305060230813385,-0.7795346748927978
A_observed,5,hybrid,0.0,randomforest,503,0.7485758786025236,0.6017351603764982,0.7621979097234115,0.013988885542993238,-0.22668051481638762,-0.755056994266659
A_observed,5,hybrid,0.3,maxent,503,0.8031684800695519,0.510740389245681,0.9812724048633475,2.699856907583898e-05,-0.41766280506815273,-0.753052589280875
A_observed,5,hybrid,0.3,xgboost,503,0.7862482693618005,0.562782201787778,0.9496109235472205,0.0,-0.2539459112823655,-0.7738317488667276
A_observed,5,hybrid,0.3,randomforest,503,0.7933222574197931,0.6087051072247244,0.8416356531048572,0.004165951255659278,-0.20563805079634417,-0.7657494085894683
A_observed,5,hybrid,0.7,maxent,503,0.8609537551178061,0.5206184466425455,0.9234904411351832,1.799888406918771e-05,-0.40657880034854393,-0.7517410711682996
A_observed,5,hybrid,0.7,xgboost,503,0.8451424697742069,0.5977315074380558,0.981140621905036,0.0,-0.20243062375343515,-0.7617266509622864
A_observed,5,hybrid,0.7,randomforest,503,0.8515589183609082,0.648067293933513,0.9610161939941562,0.255564845992181,-0.0666805863683567,-0.710171454837194
A_observed,5,hybrid,1.0,maxent,503,0.8855109717477078,0.5685926948333965,0.6768873266674085,0.050313335916897454,-0.17310718295663016,-0.6652321262805001
A_observed,5,hybrid,1.0,xgboost,503,0.8995795600689471,0.6329327203957169,0.9675110027586734,0.05448955189887832,-0.07482121182921926,-0.7265532612844331
A_observed,5,hybrid,1.0,randomforest,503,0.9031322015554508,0.6805786965148025,0.8309891146856994,0.4372744557836328,0.05543915646618146,-0.6491219710611493
A_observed,6,random,-1.0,maxent,494,0.8585218456628075,0.8422687023164002,0.9746270352180476,0.8477809002776993,0.9931913983153823,0.9763023387494257
A_observed,6,random,-1.0,xgboost,494,0.8509026463017996,0.8191814630853385,0.9764438006107227,0.5471151704165739,0.9547671729225065,0.9366545578285573
A_observed,6,random,-1.0,randomforest,494,0.8561977205558613,0.8379692205747272,0.9817595405092537,0.7277999782314618,0.9624976636147518,0.8987179905156093
A_observed,6,tgb,-1.0,maxent,494,0.8575927411529403,0.8455983410385428,0.9736662017111805,0.858256128967524,0.9942300027330779,0.9699274814152807
A_observed,6,tgb,-1.0,xgboost,494,0.8388222945110184,0.8256268420094737,0.9724931113921951,0.5498556424955019,0.9548011839786912,0.9333756840081548
A_observed,6,tgb,-1.0,randomforest,494,0.8470832174732497,0.8396441353498434,0.9947748986712557,0.7382870551427454,0.9637019773591832,0.8892085203520461
A_observed,6,hybrid,0.0,maxent,494,0.732552059304971,0.47141893718698064,0.971560696351343,0.0002970644629884685,-0.48375948801815094,-0.7384569713962017
A_observed,6,hybrid,0.0,xgboost,494,0.6929416398913996,0.5441767329390121,0.8784986560820813,0.0013517166801838335,-0.2968983897689732,-0.6923537504059033
A_observed,6,hybrid,0.0,randomforest,494,0.7202590300738432,0.5857944474520982,0.5500891123607702,0.005883950393772065,-0.23194641389142517,-0.5685216887167709
A_observed,6,hybrid,0.3,maxent,494,0.7668762146590963,0.47656069409274693,0.9870208534522267,4.499842505512307e-05,-0.4563972727099355,-0.7392502089137676
A_observed,6,hybrid,0.3,xgboost,494,0.7393916678918906,0.5543872058208725,0.9097227190653657,0.0007024369157616037,-0.2793150015245891,-0.7129584844326763
A_observed,6,hybrid,0.3,randomforest,494,0.7572512841025417,0.5964988443455068,0.6162801871901121,0.007205982324949014,-0.218727372976422,-0.5627935885803556
A_observed,6,hybrid,0.7,maxent,494,0.829787121139079,0.47580355535233776,0.9620932163689668,8.999361045365779e-06,-0.44140606375147945,-0.738071677249882
A_observed,6,hybrid,0.7,xgboost,494,0.8063305546873913,0.5895228206596926,0.947104759660646,0.0,-0.22642366722401155,-0.7162372490067209
A_observed,6,hybrid,0.7,randomforest,494,0.8155365036353077,0.6271208282982681,0.7903831705618649,0.005783799929399625,-0.16125247874328072,-0.617244636412653
A_observed,6,hybrid,1.0,maxent,494,0.8738922659546565,0.5412811671296085,0.5774594991830729,0.05411943271830385,-0.19437979999193922,-0.6440164184679257
A_observed,6,hybrid,1.0,xgboost,494,0.8697886635249512,0.6391446866976136,0.7756657627135466,0.17055904939481087,-0.05788025989027981,-0.6660505396184556
A_observed,6,hybrid,1.0,randomforest,494,0.8739184941382707,0.6622776216902976,0.6059208265730406,0.30365920902894283,0.020458634363220856,-0.48242900270325256
A_observed,7,random,-1.0,maxent,494,0.8395941057547214,0.8232536982075646,0.963296447291788,0.8415644680145841,0.9822385086985161,0.9264854373462368
A_observed,7,random,-1.0,xgboost,494,0.8175319711252064,0.8031518609900509,0.9908053386252148,0.5836052957858884,0.9341797048315343,0.9056360913837689
A_observed,7,random,-1.0,randomforest,494,0.8316459229672926,0.8134673851608627,0.9909303431190584,0.7688915773890065,0.9433624233323421,0.811706422032579
A_observed,7,tgb,-1.0,maxent,494,0.8349174634567735,0.8232803264783829,0.9828740496069562,0.7746546354707339,0.9831769422935149,0.9308806457635739
A_observed,7,tgb,-1.0,xgboost,494,0.809264471897461,0.8048800849600324,0.9835307616642681,0.5213165028339859,0.9383266153443949,0.905484214790667
A_observed,7,tgb,-1.0,randomforest,494,0.8286572346059897,0.8109798758844871,0.9927097243984849,0.6952203694945766,0.9436405909076166,0.8208265472165543
A_observed,7,hybrid,0.0,maxent,494,0.7274730564155245,0.5013488206297577,0.9749328767368421,0.00028805991646262423,-0.42893992400533565,-0.7684241208759418
A_observed,7,hybrid,0.0,xgboost,494,0.6980027507859393,0.5544870428264659,0.9102293990563917,0.00457446616160703,-0.2689533475354759,-0.799161234585156
A_observed,7,hybrid,0.0,randomforest,494,0.7230840171296209,0.6063447590508158,0.863561047065534,0.04390958796009244,-0.11440093952885974,-0.6944564691197381
A_observed,7,hybrid,0.3,maxent,494,0.7865819817059615,0.5100576008930637,0.955654696100897,0.0,-0.4061442329640652,-0.7706079413066929
A_observed,7,hybrid,0.3,xgboost,494,0.7631564096655299,0.5828369486135259,0.9611183378034055,0.00322309796592725,-0.21932849493618353,-0.7976607900405457
A_observed,7,hybrid,0.3,randomforest,494,0.7810464785138113,0.6396202335079829,0.9652417006406522,0.10393610045897991,-0.036711666988909805,-0.6717084951580249
A_observed,7,hybrid,0.7,maxent,494,0.8310348882661704,0.5315792548617633,0.8793127548048921,0.0,-0.36534029147767294,-0.7679616925818792
A_observed,7,hybrid,0.7,xgboost,494,0.8228238723185293,0.6141050424204771,0.9680535646474641,0.0032593288130084237,-0.0765686215673221,-0.7420431751301154
A_observed,7,hybrid,0.7,randomforest,494,0.8363555958971091,0.6866471025411371,0.842590813006795,0.5003240440699935,0.14120857094777842,-0.580310701551708
A_observed,7,hybrid,1.0,maxent,494,0.8774162161484608,0.5725030083918958,0.7480085074549186,0.04457688619827408,-0.1111776402891668,-0.6439543065750779
A_observed,7,hybrid,1.0,xgboost,494,0.887908775586318,0.6411323523513128,0.8756190895812082,0.10890456754518148,0.05358133045153235,-0.6988630884281104
A_observed,7,hybrid,1.0,randomforest,494,0.8893012533643688,0.7059770432542735,0.6574430538520236,0.47317344787813703,0.25101246512809106,-0.5087096021195373
A_observed,8,random,-1.0,maxent,498,0.8464171118586717,0.8283561349799695,0.9822275675468087,0.8035447640070116,0.9871236261524167,0.9421176026581114
A_observed,8,random,-1.0,xgboost,498,0.8312544726001205,0.8087804267734737,0.9705296769786197,0.5385041397834575,0.9334312593895384,0.8300188296289696
A_observed,8,random,-1.0,randomforest,498,0.8399059595769269,0.8295450112447359,0.9897594859979447,0.7586174152502136,0.957365980786507,0.8556157606463886
A_observed,8,tgb,-1.0,maxent,498,0.8517050738951412,0.8294002789647756,0.9884187199189257,0.8829749377255859,0.98722045019614,0.9398336089188851
A_observed,8,tgb,-1.0,xgboost,498,0.8345957364002847,0.810892402377673,0.9813378002455181,0.6013373299515794,0.9378831577328314,0.8420367671100983
A_observed,8,tgb,-1.0,randomforest,498,0.8422201567715243,0.8288959332015129,0.9913922840106535,0.7641735596234144,0.9583976596315502,0.8720023597655021
A_observed,8,hybrid,0.0,maxent,498,0.7162279369517892,0.45504219755235586,0.9902096110221,0.0,-0.44590071566518097,-0.7543153865747526
A_observed,8,hybrid,0.0,xgboost,498,0.6899881786221239,0.5527588106711434,0.8910080149947089,0.006239190082494951,-0.17105043643393486,-0.6745589478995165
A_observed,8,hybrid,0.0,randomforest,498,0.7058576883660763,0.6066579718081934,0.8288225324691091,0.039038758240216936,-0.11359505885341913,-0.6840595038361684
A_observed,8,hybrid,0.3,maxent,498,0.7709017810903596,0.48101211126483906,0.9708588019485391,4.499842505512307e-05,-0.4328961620481759,-0.7642025020892675
A_observed,8,hybrid,0.3,xgboost,498,0.7443840604434918,0.5949210695200098,0.9250504613015129,0.007616974972796518,-0.13189456568805927,-0.6947087687546327
A_observed,8,hybrid,0.3,randomforest,498,0.7626806769432427,0.6339214019091035,0.904938846825859,0.09161640175255908,-0.09097106756439892,-0.6744009729545744
A_observed,8,hybrid,0.7,maxent,498,0.8301104017722784,0.48612528282200973,0.9308335449417393,1.799888406918771e-05,-0.3999129422762064,-0.7578064283708243
A_observed,8,hybrid,0.7,xgboost,498,0.81620412363976,0.6101204602217197,0.9460269050474936,0.019103607032475215,-0.1096041109958235,-0.7236858304370631
A_observed,8,hybrid,0.7,randomforest,498,0.8244103175652391,0.6643329837229125,0.8609551543389632,0.2216224535790064,-0.027262049449302037,-0.680093909682716
A_observed,8,hybrid,1.0,maxent,498,0.8726782054499129,0.5570878466005723,0.42334109090518807,0.05612317635318158,-0.16757041770901204,-0.66843504001776
A_observed,8,hybrid,1.0,xgboost,498,0.8715339703208882,0.6607033143594874,0.9401383266609838,0.22938033124232468,0.07118287128251005,-0.6335723073684575
A_observed,8,hybrid,1.0,randomforest,498,0.8770975481482184,0.6856330800872764,0.6217428275649237,0.4796271637816245,0.13373943617798614,-0.5610684477042682
A_observed,9,random,-1.0,maxent,494,0.8680176021689909,0.8447481019032773,0.9744087036199252,0.8276315789473684,0.9862324894866962,0.9543397129200838
A_observed,9,random,-1.0,xgboost,494,0.8454822520525012,0.8279887437453013,0.9900769132732476,0.5713780668882132,0.950989217835106,0.9281580124999217
A_observed,9,random,-1.0,randomforest,494,0.8596494464514727,0.836133109349132,0.9902442734854887,0.6894470375381996,0.9503572643306746,0.8432457037075843
A_observed,9,tgb,-1.0,maxent,494,0.8568302189942438,0.8460050805837784,0.9769416702357365,0.8125468958992594,0.9890605901622572,0.9657102720739026
A_observed,9,tgb,-1.0,xgboost,494,0.8334253718904515,0.8274088900413286,0.9864058369232701,0.5590975418116512,0.9443140329079248,0.9171045367712536
A_observed,9,tgb,-1.0,randomforest,494,0.8470839380427252,0.8390544954423825,0.9954938989160603,0.6723857684666787,0.9461207314514922,0.8459436856600926
A_observed,9,hybrid,0.0,maxent,494,0.7598348261120595,0.49472361939563775,0.9803230663425904,8.999361045365779e-06,-0.4187553920888811,-0.7290103619075345
A_observed,9,hybrid,0.0,xgboost,494,0.7239527867011165,0.5500395954889277,0.8674443874934774,0.0005222308260251031,-0.25144805427964306,-0.6730960196083196
A_observed,9,hybrid,0.0,randomforest,494,0.7487850555085341,0.5697513369112566,0.6842186494456776,9.000090000900009e-05,-0.2540457639395689,-0.6302056295092089
A_observed,9,hybrid,0.3,maxent,494,0.7853310566497029,0.5035152560788683,0.9689804191737064,8.999361045365779e-06,-0.3906218762859663,-0.7318340971101646
A_observed,9,hybrid,0.3,xgboost,494,0.7643623639171023,0.5620245400689126,0.885001211628884,0.00015301116981539652,-0.28058792317650927,-0.7164537666572794
A_observed,9,hybrid,0.3,randomforest,494,0.7835600953279729,0.5925166359038856,0.7784385104788901,0.01445173776897304,-0.21971316060343118,-0.6806262766910275
A_observed,9,hybrid,0.7,maxent,494,0.8396650474039837,0.4896497417054402,0.9463767778950467,0.0,-0.4299497432493343,-0.7432097954920948
A_observed,9,hybrid,0.7,xgboost,494,0.8212134952364674,0.5807019448222469,0.885410134271301,6.299892901820669e-05,-0.22087620004178427,-0.6979913780009933
A_observed,9,hybrid,0.7,randomforest,494,0.8395008937159751,0.598178000682958,0.862043459790158,6.299892901820669e-05,-0.2351868349111011,-0.7289672175720855
A_observed,9,hybrid,1.0,maxent,494,0.8762660603868266,0.5330062557384889,0.8094697269606068,0.04293960298465437,-0.2091882776183869,-0.6517034006936093
A_observed,9,hybrid,1.0,xgboost,494,0.8857483826120944,0.6432273503215548,0.789169525013549,0.2015051252108473,-0.0033273419486738775,-0.6376711169719875
A_observed,9,hybrid,1.0,randomforest,494,0.894112341312544,0.6595847639800121,0.7765951560753839,0.39256845667021745,-0.017991371926772866,-0.6526814889978058
B_misspecified,0,random,-1.0,maxent,502,0.8592601063388134,0.8248548525921425,0.9844669129021154,0.4569102280027796,0.8979473435603758,0.8905895527936433
B_misspecified,0,random,-1.0,xgboost,502,0.8546218166491961,0.8197391654946026,0.9831223555273406,0.41453230816233005,0.8858496007443454,0.8910887688921735
B_misspecified,0,random,-1.0,randomforest,502,0.8614345815278103,0.8246095279790723,0.9876149382754521,0.4608750525872949,0.8900111223869545,0.8629798974729505
B_misspecified,0,tgb,-1.0,maxent,502,0.8479922428950551,0.8237273266611111,0.9589339483793877,0.46908340935231824,0.9085438805051964,0.9152977601428908
B_misspecified,0,tgb,-1.0,xgboost,502,0.8367526700135514,0.8176393795341182,0.9830927608797372,0.41904834878553365,0.8824846557413872,0.8859660401174255
B_misspecified,0,tgb,-1.0,randomforest,502,0.8456529603064759,0.8202554728860907,0.9918041045335397,0.4617205998421468,0.8882835112367602,0.8591361853054963
B_misspecified,0,hybrid,0.0,maxent,502,0.754568604381458,0.47288346104922824,0.9618833233893157,1.799888406918771e-05,-0.4675934165477992,-0.7238058129271777
B_misspecified,0,hybrid,0.0,xgboost,502,0.7336472070170913,0.5440960013111925,0.8946225911838251,0.0006844133856849537,-0.30053657592591193,-0.7414171569142926
B_misspecified,0,hybrid,0.0,randomforest,502,0.7563650883213073,0.569269154332593,0.7248244753218716,0.0034224000144481266,-0.22047995097877693,-0.6947710391571107
B_misspecified,0,hybrid,0.3,maxent,502,0.8108101470634864,0.4852919569523625,0.8841402687410799,7.199942400460797e-05,-0.4478429225305352,-0.7212217626502444
B_misspecified,0,hybrid,0.3,xgboost,502,0.797036519379333,0.5585443044042655,0.9232594239829357,0.006895676836506311,-0.25058166108854135,-0.7293875252216236
B_misspecified,0,hybrid,0.3,randomforest,502,0.8106604302676355,0.5861892679230345,0.8359430283757877,0.007479940160478716,-0.18966711280859327,-0.6470380138498789
B_misspecified,0,hybrid,0.7,maxent,502,0.8594144645636195,0.49811791948985,0.9270579739472719,2.699856907583898e-05,-0.4302383952951562,-0.728032744325359
B_misspecified,0,hybrid,0.7,xgboost,502,0.8605480185426592,0.581563447089336,0.9826881140087428,0.00020702629233912707,-0.22070463708004748,-0.7413523698615341
B_misspecified,0,hybrid,0.7,randomforest,502,0.8688745241965682,0.60425099208867,0.9246122575128133,0.004792476715797089,-0.15467743550772015,-0.6747276337770595
B_misspecified,0,hybrid,1.0,maxent,502,0.897685430645276,0.5508139983010885,0.8206325970049632,0.0612572345424331,-0.2074604763525372,-0.628772575419681
B_misspecified,0,hybrid,1.0,xgboost,502,0.9124325458120153,0.6356620938884802,0.8941853746773251,0.09212065220596184,-0.05372118389817794,-0.6748217694295752
B_misspecified,0,hybrid,1.0,randomforest,502,0.9177779716313044,0.637406541999091,0.8421405151055151,0.08242903621734302,-0.06808306963676332,-0.6315629978829873
B_misspecified,1,random,-1.0,maxent,497,0.81886642398394,0.836685934185858,0.9866335855355776,0.4766188723373155,0.9137069176012742,0.9339183797588381
B_misspecified,1,random,-1.0,xgboost,497,0.8122937535423361,0.8291544093684529,0.9847500074712683,0.4151448001833881,0.8817166344354169,0.8496793156799027
B_misspecified,1,random,-1.0,randomforest,497,0.8225870644769803,0.8344053903671774,0.990536418224741,0.46517055418573067,0.8867275345326971,0.8051799049603912
B_misspecified,1,tgb,-1.0,maxent,497,0.8076521845462208,0.8356851353406981,0.9776702252362974,0.4753053637812002,0.907914696377028,0.9369496535648113
B_misspecified,1,tgb,-1.0,xgboost,497,0.7952220019192977,0.8264432595754341,0.9849154845055772,0.3996725028341101,0.8722163753951571,0.8171700588118213
B_misspecified,1,tgb,-1.0,randomforest,497,0.8035210309195456,0.834671563353794,0.9960859705870039,0.45213141318836414,0.8790968348562173,0.7758742010152608
B_misspecified,1,hybrid,0.0,maxent,497,0.7103607960721287,0.5156484575144824,0.9616624490388733,3.599841606969293e-05,-0.290847148523596,-0.6617511564069534
B_misspecified,1,hybrid,0.0,xgboost,497,0.6931686555124674,0.5782723076528146,0.8960567016602732,0.003703369162677265,-0.16404253246918032,-0.6353251435259082
B_misspecified,1,hybrid,0.0,randomforest,497,0.7143486064223037,0.5971463173665039,0.683296447291788,0.01645612462381427,-0.12477316967569296,-0.621154612853027
B_misspecified,1,hybrid,0.3,maxent,497,0.7581430739033846,0.5241610884432657,0.9908880974877037,3.599841606969293e-05,-0.28977043125359647,-0.664413516617453
B_misspecified,1,hybrid,0.3,xgboost,497,0.7542487975776833,0.593609426725949,0.9451447295463986,0.00022503262973131105,-0.12978221357163236,-0.6289928822505543
B_misspecified,1,hybrid,0.3,randomforest,497,0.7563887782361085,0.6122938452573972,0.8175761070383686,0.010806680493395917,-0.12443810825531226,-0.6523223136405584
B_misspecified,1,hybrid,0.7,maxent,497,0.8283722546502579,0.5269097503380759,0.9412312862731306,2.699856907583898e-05,-0.2746169666252108,-0.6678817087296018
B_misspecified,1,hybrid,0.7,xgboost,497,0.8210312260508038,0.6117268059482821,0.9881517949712438,0.0,-0.0775083226513999,-0.6025951321645721
B_misspecified,1,hybrid,0.7,randomforest,497,0.8254007524803892,0.6354520898547139,0.9162138393506548,0.08150195628053647,-0.008341736862643159,-0.5761324120164191
B_misspecified,1,hybrid,1.0,maxent,497,0.8821390639268956,0.5586186873751002,0.524466222127663,0.06176425622993426,-0.08761105338706118,-0.5804655503287057
B_misspecified,1,hybrid,1.0,xgboost,497,0.888111808415809,0.6553843249736259,0.8302114401702754,0.18686248331108143,0.12314979805738988,-0.5284402813036162
B_misspecified,1,hybrid,1.0,randomforest,497,0.8833808659616944,0.6966477698506928,0.7956388669977501,0.16920422142488872,0.08103950863044566,-0.5704600043594603
B_misspecified,2,random,-1.0,maxent,505,0.8540584454846698,0.8323802616675348,0.9813655914666121,0.4638001896933291,0.898111810037045,0.9063306380995995
B_misspecified,2,random,-1.0,xgboost,505,0.8474874505815768,0.8132348561033222,0.9757642990097408,0.40327835728537875,0.8744572435129189,0.8806632220470467
B_misspecified,2,random,-1.0,randomforest,505,0.8588169595107825,0.8303743822543211,0.9842893623105814,0.4626441320486495,0.8891729361032998,0.8448997809577853
B_misspecified,2,tgb,-1.0,maxent,505,0.8471010188875063,0.8312752923169111,0.9713480316156777,0.47159316646801747,0.871333488545676,0.8564270098491694
B_misspecified,2,tgb,-1.0,xgboost,505,0.8339291639805804,0.8220385404482528,0.9813319831348197,0.4247249788445265,0.8698269753200841,0.8678895393519429
B_misspecified,2,tgb,-1.0,randomforest,505,0.8437281200813965,0.833406364393861,0.9862531084562697,0.4748941479406963,0.8818692073637147,0.8342395693170814
B_misspecified,2,hybrid,0.0,maxent,505,0.7499744543219987,0.4723564673520772,0.9527168104781527,7.199942400460797e-05,-0.45184231882191683,-0.7071873154860778
B_misspecified,2,hybrid,0.0,xgboost,505,0.739160264732797,0.5859245298418714,0.9055232776675995,0.009438504374051835,-0.17822803766267153,-0.6650580052848447
B_misspecified,2,hybrid,0.0,randomforest,505,0.7564254128233138,0.5879033644121843,0.6490922553496613,0.006348545087349097,-0.21215368709200602,-0.6209532403654368
B_misspecified,2,hybrid,0.3,maxent,505,0.7995664554595651,0.47880678574405255,0.9328592478856402,0.00039612517555547553,-0.44646773401879125,-0.708219829711764
B_misspecified,2,hybrid,0.3,xgboost,505,0.782694146108273,0.596620193841794,0.930682657488743,0.005920373689642062,-0.15930391812747574,-0.6676488058213592
B_misspecified,2,hybrid,0.3,randomforest,505,0.7973419429411663,0.6127600215488466,0.8150844496214327,0.011634893756486589,-0.16205690984974194,-0.6037077511715123
B_misspecified,2,hybrid,0.7,maxent,505,0.8539671857189957,0.47572959335065956,0.9347893825886442,0.00013500742540839745,-0.43287030818538685,-0.7124752702017056
B_misspecified,2,hybrid,0.7,xgboost,505,0.8345337349977585,0.6253161633392891,0.9872934485227928,0.022046853011782237,-0.09332601786695911,-0.6657729306563231
B_misspecified,2,hybrid,0.7,randomforest,505,0.8529861312153122,0.6400513265547684,0.9674518562995484,0.05709773778039917,-0.10713564325297664,-0.6454444485057088
B_misspecified,2,hybrid,1.0,maxent,505,0.8922210909019149,0.5275327535882371,0.25602269396611915,0.04124889896737195,-0.2146090430393166,-0.6158784355198414
B_misspecified,2,hybrid,1.0,xgboost,505,0.9087441292815027,0.6783593324358285,0.8874948372570832,0.1345258515069836,0.04957876766010459,-0.6067947007837635
B_misspecified,2,hybrid,1.0,randomforest,505,0.9136011706682179,0.6862975376352396,0.8289390153839796,0.264624209040834,0.06596366233386089,-0.5318017030697295
B_misspecified,3,random,-1.0,maxent,497,0.8530092716734483,0.8602239969831258,0.9813336129089727,0.45355605844572056,0.9081396592250097,0.9141445202632384
B_misspecified,3,random,-1.0,xgboost,497,0.8372670628161828,0.8419456642488544,0.9870571528277328,0.43893090231016263,0.8845755812493281,0.8757123424377412
B_misspecified,3,random,-1.0,randomforest,497,0.8467244023560067,0.8573559021554731,0.991004438047897,0.4719440470513432,0.8916734049369212,0.8331326213313074
B_misspecified,3,tgb,-1.0,maxent,497,0.85451723753892,0.861813427910802,0.9798658109670108,0.4555361984726825,0.8987671381754629,0.866708835468249
B_misspecified,3,tgb,-1.0,xgboost,497,0.8454404410132679,0.8392713040667725,0.9914825170227293,0.4084364226323261,0.874537893916207,0.8666005728090679
B_misspecified,3,tgb,-1.0,randomforest,497,0.8488560935957669,0.8542215149525647,0.9926859584977883,0.4643982024485708,0.8845581234164092,0.822241304763171
B_misspecified,3,hybrid,0.0,maxent,497,0.7756347291661367,0.5100186920620485,0.9407855654169448,0.0012975778546712802,-0.3772869495067388,-0.7183534036832606
B_misspecified,3,hybrid,0.0,xgboost,497,0.7480612811795592,0.6179681209643144,0.9103741633098169,0.0411903601814025,-0.09257992640003651,-0.4949953565712246
B_misspecified,3,hybrid,0.0,randomforest,497,0.76282259799978,0.6694757013627548,0.9198274883358146,0.07214187161699295,-0.08746440026627512,-0.5787003132526477
B_misspecified,3,hybrid,0.3,maxent,497,0.8145629073066555,0.527106112157499,0.9108672735581017,0.00012600579626662826,-0.3289882710456297,-0.6998407137365593
B_misspecified,3,hybrid,0.3,xgboost,497,0.798755588178004,0.6456519978926594,0.9564940960136762,0.045914045292822045,-0.05968125256230952,-0.49452726476401443
B_misspecified,3,hybrid,0.3,randomforest,497,0.8087999001362146,0.6877656723948415,0.9581476887040122,0.15319952676477303,-0.028922487672869424,-0.50620139530251
B_misspecified,3,hybrid,0.7,maxent,497,0.8741520637390716,0.5461305110150336,0.9494583576004659,0.0,-0.29230912034293366,-0.6966574034526896
B_misspecified,3,hybrid,0.7,xgboost,497,0.8575547653710924,0.6613870361208505,0.9872274147558407,0.0510783200908059,0.0033382669898882446,-0.4820784854677324
B_misspecified,3,hybrid,0.7,randomforest,497,0.8680000831314324,0.7381921783657328,0.834714137202541,0.34267762203963265,0.09575314719402235,-0.49373549788360355
B_misspecified,3,hybrid,1.0,maxent,497,0.8982251861107784,0.5945008909171783,0.6032136271893468,0.07350909565166987,-0.09807510909552368,-0.594198001109769
B_misspecified,3,hybrid,1.0,xgboost,497,0.9111717019284773,0.7308258111441224,0.8824461564528755,0.32188146843996096,0.17079542531154587,-0.4584546329960997
B_misspecified,3,hybrid,1.0,randomforest,497,0.9165622235244657,0.7683786485486741,0.41292408066666075,0.37188572557347094,0.16532270589893955,-0.45001051845616596
B_misspecified,4,random,-1.0,maxent,494,0.8535835374904985,0.8254103822669888,0.9726905806255863,0.46951082428554425,0.9127621594051175,0.9347300764846093
B_misspecified,4,random,-1.0,xgboost,494,0.8439530685309802,0.8036961254788253,0.9747303038751021,0.41223120329418944,0.8826230335972912,0.8762693602254543
B_misspecified,4,random,-1.0,randomforest,494,0.8485122570162602,0.8166945405123954,0.9956044815792011,0.47313438771857724,0.8884137609061011,0.8387765836143563
B_misspecified,4,tgb,-1.0,maxent,494,0.8434174813043169,0.8291831556422344,0.9594928304999272,0.46216298011763624,0.9136222251311683,0.9436309246325308
B_misspecified,4,tgb,-1.0,xgboost,494,0.8352042720182332,0.807373077149343,0.9868537912175761,0.41852301014872023,0.8788266795077078,0.8689821164744519
B_misspecified,4,tgb,-1.0,randomforest,494,0.8377843016059746,0.8174410971096293,0.9939914450068625,0.4725292200047706,0.884608540684874,0.8278383597020346
B_misspecified,4,hybrid,0.0,maxent,494,0.7585185061309688,0.4941192775491049,0.9646588778625067,0.0005762858377755367,-0.43580174188676674,-0.7064728755528314
B_misspecified,4,hybrid,0.0,xgboost,494,0.7342483407089763,0.5493554981508003,0.8979347925462674,0.01804855703160788,-0.2578958516695111,-0.6912792801459218
B_misspecified,4,hybrid,0.0,randomforest,494,0.7572041027015745,0.5797524152070266,0.6996604523150248,0.05660520885829205,-0.2135015291910736,-0.685960231146701
B_misspecified,4,hybrid,0.3,maxent,494,0.7979264696995526,0.5060598936239653,0.9572627192193136,4.499842505512307e-05,-0.40611438575397985,-0.707880516987511
B_misspecified,4,hybrid,0.3,xgboost,494,0.7709938093475642,0.5606996126561814,0.9270827291277138,0.00810146334382683,-0.279713763390134,-0.7251693788502186
B_misspecified,4,hybrid,0.3,randomforest,494,0.7836065651594486,0.5987728337236708,0.805974408717273,0.044586705772864436,-0.2092362586892637,-0.7141466558336707
B_misspecified,4,hybrid,0.7,maxent,494,0.8473363338904505,0.5101073252291994,0.9124514412003397,0.00027005130974885227,-0.3950895967744321,-0.7056739383503293
B_misspecified,4,hybrid,0.7,xgboost,494,0.8313157735879588,0.5864925834041743,0.9786887677694668,0.01562928434329586,-0.2232277125560441,-0.7129710371319427
B_misspecified,4,hybrid,0.7,randomforest,494,0.839153509530153,0.6073503088239237,0.9123254562041083,0.0774227953652979,-0.1710644177341132,-0.667764447432181
B_misspecified,4,hybrid,1.0,maxent,494,0.8782188350536503,0.5407182192486228,0.6672298051189447,0.06089247866185484,-0.1701724995381065,-0.5975652347791459
B_misspecified,4,hybrid,1.0,xgboost,494,0.888319818916855,0.6209877175590409,0.8836133650735107,0.13794162826420892,-0.054277375632001884,-0.6650660078838495
B_misspecified,4,hybrid,1.0,randomforest,494,0.8929591445597092,0.652655993438867,0.7113856300735769,0.2982825096389765,0.004521953533297694,-0.6021691549006257
B_misspecified,5,random,-1.0,maxent,504,0.8534484579577365,0.8252096995693872,0.9774109849905747,0.4686562429785491,0.9062622081947141,0.8773629163821374
B_misspecified,5,random,-1.0,xgboost,504,0.8509060035289092,0.8052500336658795,0.987640919530096,0.4268104776579353,0.8751610422544377,0.8601795174981707
B_misspecified,5,random,-1.0,randomforest,504,0.8554937853724203,0.8166751275920132,0.9947599448531775,0.4548692031736888,0.8896009874789295,0.8312874407779841
B_misspecified,5,tgb,-1.0,maxent,504,0.8433100140163331,0.8246617066059351,0.9871576839072018,0.47135933900055615,0.9080820129820194,0.89082141250829
B_misspecified,5,tgb,-1.0,xgboost,504,0.8378618300769471,0.8038071265166341,0.993224353489735,0.4321802340568129,0.8724010312384038,0.8426767378243906
B_misspecified,5,tgb,-1.0,randomforest,504,0.8466002126041425,0.8156491805384893,0.9920560860286075,0.4666789857846178,0.8882386232828854,0.8309158500649266
B_misspecified,5,hybrid,0.0,maxent,504,0.7799699887715283,0.47779657070436254,0.9369800145060535,0.00026104724955216895,-0.4681647983414913,-0.7179612692724302
B_misspecified,5,hybrid,0.0,xgboost,504,0.7603846424715339,0.5415943475794338,0.8871317482700086,0.001450986400382123,-0.2633715315151091,-0.6720070273648666
B_misspecified,5,hybrid,0.0,randomforest,504,0.7805431693234139,0.5514404437952941,0.7350130169782025,0.0025261638397690365,-0.23958727606273578,-0.6232956002649226
B_misspecified,5,hybrid,0.3,maxent,504,0.8163387008530872,0.48596326110870985,0.9517161453047394,0.0,-0.44737749221279444,-0.7172997479610974
B_misspecified,5,hybrid,0.3,xgboost,504,0.7972900627378339,0.5552735370235283,0.9040185252269426,0.0008105917319643339,-0.2357378120252246,-0.6666209813361038
B_misspecified,5,hybrid,0.3,randomforest,504,0.8146424600528308,0.563302223672662,0.7573442050087361,0.003494893121291756,-0.24099195446843635,-0.6520337856695875
B_misspecified,5,hybrid,0.7,maxent,504,0.8626426745001595,0.5079260653580606,0.9313872527522534,0.0003420896274824004,-0.3777760183880252,-0.6918245054423191
B_misspecified,5,hybrid,0.7,xgboost,504,0.8569809190404731,0.5841812240237845,0.9701189817371315,0.003105365783202138,-0.1738298865986875,-0.6509549244534223
B_misspecified,5,hybrid,0.7,randomforest,504,0.8704132615493012,0.59257430403765,0.9356486389526888,0.02578304577806087,-0.19552189485350996,-0.6375436449345243
B_misspecified,5,hybrid,1.0,maxent,504,0.8891796572418709,0.5204684275248604,0.4622531671911696,0.06333910680280572,-0.1757173062186343,-0.610732377295647
B_misspecified,5,hybrid,1.0,xgboost,504,0.9094477939979775,0.6114173736077407,0.7452591687631943,0.12118980112805093,-0.03763801177959015,-0.6066945545515142
B_misspecified,5,hybrid,1.0,randomforest,504,0.9194350540744234,0.6057072005831166,0.7277847348669749,0.01981442901588642,-0.1514504761815965,-0.6590723928301129
B_misspecified,6,random,-1.0,maxent,499,0.8464209872942219,0.8195824297595908,0.9827892487932118,0.467376233047658,0.9127903257907386,0.9281681806901648
B_misspecified,6,random,-1.0,xgboost,499,0.8303921912852548,0.8114161899943308,0.9703197017125433,0.44506866416978774,0.8904790896747627,0.8941272990742796
B_misspecified,6,random,-1.0,randomforest,499,0.8420185773885589,0.821376996274287,0.9928230326729014,0.4788001384046206,0.9023435437156041,0.8704950491730468
B_misspecified,6,tgb,-1.0,maxent,499,0.8326044391356116,0.8173420368022166,0.9874722625226448,0.4754816693444517,0.9111589670784581,0.9227609218733224
B_misspecified,6,tgb,-1.0,xgboost,499,0.8158493421314006,0.8054461782067754,0.9736193843998586,0.4457831325301205,0.8915756156117813,0.9005276126959976
B_misspecified,6,tgb,-1.0,randomforest,499,0.829818346897261,0.8155241011993646,0.9797649135367938,0.47868206738702296,0.9079354028965956,0.894462625541121
B_misspecified,6,hybrid,0.0,maxent,499,0.7398305467623757,0.5161746613619448,0.9734011264062958,0.00027905553205087813,-0.38598294765078656,-0.7054802518700123
B_misspecified,6,hybrid,0.0,xgboost,499,0.7206549724789415,0.5649739857732774,0.8916190371605884,0.0,-0.24779173074218155,-0.6889555317314665
B_misspecified,6,hybrid,0.0,randomforest,499,0.7431342929338353,0.5934614670096117,0.6219820092688261,0.004465496357095077,-0.1507221346404531,-0.5639308724950044
B_misspecified,6,hybrid,0.3,maxent,499,0.7814077126917538,0.5139021040703967,0.961589311550011,0.0004141383221996147,-0.3691802220116837,-0.7055498904009668
B_misspecified,6,hybrid,0.3,xgboost,499,0.7608016380720033,0.5815891874784247,0.9309043251280563,2.699856907583898e-05,-0.21480601552903728,-0.6948969943304528
B_misspecified,6,hybrid,0.3,randomforest,499,0.781984020963019,0.6129773593609651,0.8489108910891088,0.019486953649675218,-0.0960572174730944,-0.518682677029461
B_misspecified,6,hybrid,0.7,maxent,499,0.8441957543152769,0.5134035288639416,0.9449752617612333,1.799888406918771e-05,-0.3500824613146906,-0.7049277595960254
B_misspecified,6,hybrid,0.7,xgboost,499,0.8325786969527437,0.5924295564303349,0.9810305203502889,0.0005312395890546636,-0.1497206686864831,-0.6696185511850105
B_misspecified,6,hybrid,0.7,randomforest,499,0.8450599501794874,0.6326769316155583,0.9656403521657269,0.0457073487479179,-0.05356011298048711,-0.5350483402420929
B_misspecified,6,hybrid,1.0,maxent,499,0.8927383946899271,0.5551987087724319,0.30168708449420073,0.06491863607613134,-0.14591029135354222,-0.6155674519962008
B_misspecified,6,hybrid,1.0,xgboost,499,0.8924583585595031,0.6442079312796813,0.8457526525668826,0.03373211528085288,-0.052229936437225045,-0.641476706463161
B_misspecified,6,hybrid,1.0,randomforest,499,0.8935060385617536,0.6798012932976447,0.8837629190550002,0.24708206141138445,0.09806784744691605,-0.46425715146577673
B_misspecified,7,random,-1.0,maxent,498,0.8542183538442926,0.837306647479123,0.9784448366201858,0.46181674669473133,0.9164254307814662,0.9477608688119613
B_misspecified,7,random,-1.0,xgboost,498,0.841157893988212,0.8203725351519024,0.9669656709188954,0.4229734921244718,0.876072572791865,0.8704543931140203
B_misspecified,7,random,-1.0,randomforest,498,0.84756193203088,0.829701728121069,0.9964340182979281,0.4740137426047277,0.8809931403862235,0.8404053871076239
B_misspecified,7,tgb,-1.0,maxent,498,0.8584534242422499,0.8348367387828919,0.9808733940490021,0.46551837832847553,0.9076630548944896,0.9335094646968268
B_misspecified,7,tgb,-1.0,xgboost,498,0.835907865452097,0.825545834397895,0.9677670117814542,0.4273969787277772,0.8829766490628355,0.8854579831267066
B_misspecified,7,tgb,-1.0,randomforest,498,0.8550888694062927,0.8299786992547101,0.9942764238736462,0.47186605912896046,0.874841353440753,0.8274140449914026
B_misspecified,7,hybrid,0.0,maxent,498,0.7797100706549941,0.4737284139399535,0.9668254726977712,7.199942400460797e-05,-0.4351650054135975,-0.6918137594702014
B_misspecified,7,hybrid,0.0,xgboost,498,0.7418472172771919,0.545325351437001,0.9102324684280435,0.0,-0.27074623566305284,-0.7188750051090851
B_misspecified,7,hybrid,0.0,randomforest,498,0.768608707881685,0.579664264050135,0.7640186371578334,1.799888406918771e-05,-0.217163394440724,-0.6545966649449044
B_misspecified,7,hybrid,0.3,maxent,498,0.807264809673728,0.4685352647852108,0.9792892171802066,8.1000081000081e-05,-0.42371893999825294,-0.6885268531179269
B_misspecified,7,hybrid,0.3,xgboost,498,0.7842096772767697,0.5565028689534872,0.9203381992277077,0.0,-0.2466722933117306,-0.711913474186372
B_misspecified,7,hybrid,0.3,randomforest,498,0.8051709275610281,0.5843677607774277,0.869341875364007,8.999361045365779e-06,-0.21647185556431725,-0.6744623940196961
B_misspecified,7,hybrid,0.7,maxent,498,0.8672777782119463,0.4866562820327248,0.916229360591192,2.699856907583898e-05,-0.4067839661443533,-0.6963026418795782
B_misspecified,7,hybrid,0.7,xgboost,498,0.8523940814884643,0.5725886642726542,0.9720117350790645,0.0,-0.23222447057491505,-0.7261638887292179
B_misspecified,7,hybrid,0.7,randomforest,498,0.8680529810645901,0.6089028459588033,0.9336998717697115,0.005465271996814941,-0.18187282507834682,-0.6391450292310707
B_misspecified,7,hybrid,1.0,maxent,498,0.907918032231953,0.5577309108137479,0.6325032832465165,0.06039640808848088,-0.16324748195976455,-0.5839996525165834
B_misspecified,7,hybrid,1.0,xgboost,498,0.9128367489303789,0.6311688860687851,0.8764812675353361,0.034925956971221014,-0.10086941979023623,-0.6819437471334073
B_misspecified,7,hybrid,1.0,randomforest,498,0.9220453477224021,0.636375814027087,0.9273204852835509,0.16313392997330822,-0.03955387169010068,-0.5828469077551944
B_misspecified,8,random,-1.0,maxent,500,0.8533472686060369,0.8189662695175377,0.9811763609738976,0.42521836161452925,0.894988352256142,0.9220084972065081
B_misspecified,8,random,-1.0,xgboost,500,0.8421034198883287,0.8112631445835474,0.9837858881898154,0.3641385744801002,0.8787847753117466,0.9018495571540206
B_misspecified,8,random,-1.0,randomforest,500,0.8500233802644722,0.821077158227237,0.9935975005316598,0.43033673154155083,0.8916600845396655,0.8635222485767511
B_misspecified,8,tgb,-1.0,maxent,500,0.8438532192652461,0.8217745499145472,0.9953406563360905,0.45530744548490604,0.8956098799769981,0.9278396494453067
B_misspecified,8,tgb,-1.0,xgboost,500,0.8339847333737407,0.8084162204659961,0.9966573292872252,0.4111372150612737,0.879711030401369,0.9070437776247264
B_misspecified,8,tgb,-1.0,randomforest,500,0.84279839810367,0.8220143476117967,0.9967262883292934,0.45433604690731094,0.8918349236987468,0.8552389587703103
B_misspecified,8,hybrid,0.0,maxent,500,0.7543016667032771,0.4784695400704576,0.9725186883191881,0.00018902060324575378,-0.3326477969678234,-0.598006101471416
B_misspecified,8,hybrid,0.0,xgboost,500,0.7201947285642953,0.5155629442555563,0.9036066954621673,8.999361045365779e-06,-0.25164822469178577,-0.5648308249593726
B_misspecified,8,hybrid,0.0,randomforest,500,0.7507275082134462,0.5325683499446536,0.6431427365669599,8.999361045365779e-06,-0.2197062666089828,-0.443941564261913
B_misspecified,8,hybrid,0.3,maxent,500,0.7940771677494953,0.4848550517487715,0.980986910222074,0.00022503262973131105,-0.29367379535515725,-0.57622081832766
B_misspecified,8,hybrid,0.3,xgboost,500,0.770889600280508,0.5225473269960903,0.9283951302682117,0.0,-0.2705755666607311,-0.6083512784420082
B_misspecified,8,hybrid,0.3,randomforest,500,0.7966299424957828,0.53247591746057,0.7543644565100608,8.999361045365779e-06,-0.23090528508309197,-0.5262118613842596
B_misspecified,8,hybrid,0.7,maxent,500,0.8463666991443007,0.49001046326219094,0.9437521662224909,0.00021602937999567941,-0.2880970815451535,-0.583685980235513
B_misspecified,8,hybrid,0.7,xgboost,500,0.8378737691001122,0.5411549760753838,0.9721087195257387,0.0004051316677920324,-0.22212267623261758,-0.5697584508331591
B_misspecified,8,hybrid,0.7,randomforest,500,0.8524937785511675,0.5373352890472879,0.8828149343516941,0.001081081081081081,-0.22625324996233387,-0.5176793958318954
B_misspecified,8,hybrid,1.0,maxent,500,0.8776908640671799,0.5353950175691279,0.569599611709306,0.061855571588292066,-0.15037236831354905,-0.5420240452940382
B_misspecified,8,hybrid,1.0,xgboost,500,0.8854109504936286,0.5990900690992907,0.8804417081126731,0.08581367624929157,-0.09323059315951919,-0.5339645267154607
B_misspecified,8,hybrid,1.0,randomforest,500,0.8962933166187567,0.5640235198103353,0.8616424914353975,0.0,-0.19407810323369734,-0.5397618983444675
B_misspecified,9,random,-1.0,maxent,502,0.8389482121133687,0.8346286712955475,0.9843911985664744,0.4396579646304334,0.9102116016171898,0.8872767682076785
B_misspecified,9,random,-1.0,xgboost,502,0.8231126052306464,0.8242890588265468,0.9769137929692221,0.41864978041058115,0.8863865234401165,0.8833087701856028
B_misspecified,9,random,-1.0,randomforest,502,0.8375135467819845,0.8251918971818654,0.9919713197962159,0.4568529249809896,0.8763467148298525,0.7988521137701865
B_misspecified,9,tgb,-1.0,maxent,502,0.8329395703311342,0.8353214139060995,0.968468258590565,0.4571585931967794,0.9151202089858161,0.916426247313879
B_misspecified,9,tgb,-1.0,xgboost,502,0.8121132543436124,0.8254122989613455,0.9888087597890963,0.4172023262932354,0.884524458674788,0.8746493128801912
B_misspecified,9,tgb,-1.0,randomforest,502,0.8356715393875567,0.8278168450063854,0.9906182299240204,0.4519985887702701,0.8817555625662997,0.8138120810459295
B_misspecified,9,hybrid,0.0,maxent,502,0.7300561098117583,0.45944760122336775,0.9823789957771135,0.00036910667182815833,-0.5006261079100656,-0.7232873119620247
B_misspecified,9,hybrid,0.0,xgboost,502,0.7041293143869404,0.5687179234528938,0.8534065074600928,0.015592154568885151,-0.25634635846938225,-0.6555523055789066
B_misspecified,9,hybrid,0.0,randomforest,502,0.7377514989706131,0.5817187021278054,0.7332556785090273,0.034001451621908325,-0.2211080456328027,-0.6014988579914156
B_misspecified,9,hybrid,0.3,maxent,502,0.7798151042894986,0.454603708728857,0.9692096679213283,3.599841606969293e-05,-0.4855474120662469,-0.7268226678897379
B_misspecified,9,hybrid,0.3,xgboost,502,0.7698134363005248,0.5821651908783174,0.9548208907402123,0.015842833243438433,-0.17855960972196064,-0.6450619872162531
B_misspecified,9,hybrid,0.3,randomforest,502,0.7846114490401815,0.6125395036710952,0.9355208824904296,0.13745240142488638,-0.14676096231514624,-0.6311364587900967
B_misspecified,9,hybrid,0.7,maxent,502,0.833482856815588,0.46849627159795915,0.9502989288302348,1.799888406918771e-05,-0.45392387550654006,-0.7308976437443883
B_misspecified,9,hybrid,0.7,xgboost,502,0.8200888744805412,0.5923933984571559,0.9687091477513784,0.030855149637271092,-0.1344340809268947,-0.6175152873629501
B_misspecified,9,hybrid,0.7,randomforest,502,0.8386362433500846,0.6151055631177584,0.8926746167896866,0.09079129487292753,-0.19340592187558908,-0.6875573197872042
B_misspecified,9,hybrid,1.0,maxent,502,0.8718093085547569,0.5142784915474289,0.5811549150374141,0.052821071580842295,-0.2528821059447694,-0.6438793185438887
B_misspecified,9,hybrid,1.0,xgboost,502,0.8792712844284962,0.6368151803692172,0.8456737090897536,0.19417100116064137,-0.006145168762408384,-0.6093780597414781
B_misspecified,9,hybrid,1.0,randomforest,502,0.8965416081626655,0.6491866337332924,0.686006995043418,0.29905657068705505,0.016051012330414106,-0.5399440273121294
