lon_center,lat_center,site_count,road_dist,bpcb_dist,uni_dist,volcano_dist
110.950,-8.750,0,55302.5,121.9,125.7,175.2
110.950,-8.650,0,44298.1,111.9,116.2,169.7
110.950,-8.550,0,33367.2,102.1,107.1,164.8
110.950,-8.450,0,22507.7,92.6,98.3,160.5
110.950,-8.350,0,12017.0,83.5,90.1,156.8
110.950,-8.250,0,3636.6,75.0,82.5,153.9
110.950,-8.150,0,3297.6,67.2,75.8,151.7
110.950,-8.050,0,4262.3,60.4,70.2,150.4
110.950,-7.950,0,3429.0,55.1,66.1,149.8
110.950,-7.850,1,3582.9,51.7,63.6,150.1
110.950,-7.750,0,2391.8,50.6,63.1,151.1
110.950,-7.650,0,122.7,51.8,64.5,153.0
110.950,-7.550,0,1517.8,55.3,67.7,155.7
110.950,-7.450,0,3730.5,60.7,72.5,159.1
110.950,-7.350,0,2523.4,67.5,78.6,163.2
110.950,-7.250,0,5335.6,75.3,85.7,167.9
110.950,-7.150,0,759.2,83.9,93.6,173.2
110.950,-7.050,0,2581.0,93.0,102.0,179.0
110.950,-6.950,0,4016.0,102.5,111.0,185.4
111.050,-8.750,0,53440.8,126.9,131.6,165.9
111.050,-8.650,0,42672.9,117.3,122.6,160.1
111.050,-8.550,0,32139.7,108.0,113.9,154.9
111.050,-8.450,0,22079.0,99.0,105.7,150.2
111.050,-8.350,0,11631.9,90.6,98.1,146.3
111.050,-8.250,1,738.5,82.8,91.2,143.2
111.050,-8.150,3,184.0,75.8,85.2,140.9
111.050,-8.050,0,0.0,69.9,80.3,139.4
111.050,-7.950,0,43.4,65.4,76.7,138.8
111.050,-7.850,0,30.7,62.5,74.6,139.1
111.050,-7.750,0,68.6,61.6,74.1,140.2
111.050,-7.650,2,0.0,62.6,75.3,142.3
111.050,-7.550,1,289.3,65.6,78.1,145.1
111.050,-7.450,0,30.7,70.2,82.3,148.8
111.050,-7.350,0,130.1,76.1,87.7,153.1
111.050,-7.250,0,178.8,83.1,94.1,158.1
111.050,-7.150,0,864.0,91.0,101.3,163.7
111.050,-7.050,0,825.6,99.5,109.2,169.9
111.050,-6.950,0,126.4,108.4,117.6,176.6
111.150,-8.750,0,52281.8,132.6,138.1,156.8
111.150,-8.650,0,41212.2,123.4,129.5,150.7
111.150,-8.550,0,30173.2,114.6,121.3,145.1
111.150,-8.450,0,19103.6,106.2,113.7,140.2
111.150,-8.350,0,8064.8,98.4,106.6,136.0
111.150,-8.250,0,30.7,91.3,100.3,132.6
111.150,-8.150,0,186.5,85.0,94.9,130.0
111.150,-8.050,0,387.9,79.8,90.5,128.4
111.150,-7.950,0,30.7,75.9,87.3,127.8
111.150,-7.850,0,30.7,73.4,85.5,128.1
111.150,-7.750,1,721.7,72.6,85.1,129.3
111.150,-7.650,5,931.1,73.5,86.2,131.5
111.150,-7.550,5,110.6,76.0,88.6,134.6
111.150,-7.450,0,521.3,80.0,92.3,138.5
111.150,-7.350,1,61.3,85.3,97.2,143.2
111.150,-7.250,0,480.0,91.6,103.0,148.5
111.150,-7.150,0,43.4,98.8,109.6,154.5
111.150,-7.050,0,86.7,106.6,117.0,161.0
111.150,-6.950,0,153.3,115.0,124.9,168.0
111.250,-8.750,0,53313.7,138.9,145.1,148.0
111.250,-8.650,0,42393.7,130.2,137.0,141.5
111.250,-8.550,0,31615.3,121.9,129.3,135.5
111.250,-8.450,0,21057.8,114.0,122.1,130.2
111.250,-8.350,0,10602.8,106.8,115.6,125.7
111.250,-8.250,0,186.5,100.3,109.8,122.0
111.250,-8.150,0,30.7,94.6,104.9,119.2
111.250,-8.050,0,306.6,89.9,100.9,117.5
111.250,-7.950,0,110.6,86.5,98.1,116.8
111.250,-7.850,0,122.7,84.3,96.5,117.1
111.250,-7.750,0,0.0,83.6,96.1,118.5
111.250,-7.650,0,480.0,84.4,97.0,120.9
111.250,-7.550,0,178.8,86.6,99.2,124.2
111.250,-7.450,3,263.8,90.1,102.6,128.4
111.250,-7.350,1,196.3,94.9,106.9,133.4
111.250,-7.250,0,797.3,100.6,112.3,139.2
111.250,-7.150,0,510.3,107.2,118.4,145.5
111.250,-7.050,0,0.0,114.4,125.2,152.4
111.250,-6.950,0,542.5,122.3,132.6,159.8
111.350,-8.750,0,50745.1,145.8,152.6,139.5
111.350,-8.650,0,40095.4,137.5,144.9,132.5
111.350,-8.550,0,29690.7,129.7,137.7,126.1
111.350,-8.450,0,20040.2,122.3,131.0,120.4
111.350,-8.350,0,9834.0,115.6,124.9,115.5
111.350,-8.250,0,61.3,109.6,119.6,111.5
111.350,-8.150,0,0.0,104.4,115.0,108.5
111.350,-8.050,0,43.4,100.2,111.5,106.5
111.350,-7.950,0,565.4,97.1,108.9,105.7
111.350,-7.850,0,30.7,95.3,107.5,106.1
111.350,-7.750,0,97.0,94.6,107.1,107.6
111.350,-7.650,0,239.5,95.3,108.0,110.2
111.350,-7.550,0,910.7,97.3,109.9,113.9
111.350,-7.450,1,173.5,100.5,113.0,118.5
111.350,-7.350,1,290.9,104.7,117.0,123.9
111.350,-7.250,0,153.3,109.9,121.8,130.1
111.350,-7.150,0,1431.1,116.0,127.5,136.8
111.350,-7.050,0,290.9,122.7,133.9,144.1
111.350,-6.950,0,656.2,130.1,140.8,151.9
111.450,-8.750,0,48123.5,153.1,155.2,131.4
111.450,-8.650,0,37212.9,145.3,149.2,124.0
111.450,-8.550,0,26464.3,137.9,143.8,117.1
111.450,-8.450,0,16072.2,131.0,139.2,110.9
111.450,-8.350,0,5217.6,124.8,134.4,105.6
111.450,-8.250,0,43.4,119.2,129.5,101.1
111.450,-8.150,0,30.7,114.5,125.4,97.8
111.450,-8.050,0,282.7,110.7,122.1,95.6
111.450,-7.950,0,68.6,107.9,119.8,94.7
111.450,-7.850,0,68.6,106.2,118.4,95.1
111.450,-7.750,0,30.7,104.4,118.2,96.8
111.450,-7.650,1,43.4,102.8,118.9,99.7
111.450,-7.550,0,68.6,102.4,120.7,103.8
111.450,-7.450,4,0.0,103.2,123.5,108.8
111.450,-7.350,1,153.3,105.1,127.1,114.6
111.450,-7.250,0,0.0,108.2,131.6,121.3
111.450,-7.150,0,882.9,112.3,136.9,128.5
111.450,-7.050,0,460.0,117.3,142.9,136.2
111.450,-6.950,0,282.7,123.1,147.8,144.4
111.550,-8.750,0,46367.4,160.4,146.2,123.7
111.550,-8.650,0,35673.6,151.4,139.9,115.8
111.550,-8.550,0,25262.6,142.7,134.1,108.4
111.550,-8.450,0,14503.6,134.3,129.1,101.7
111.550,-8.350,0,4066.4,126.4,124.9,95.8
111.550,-8.250,0,61.3,119.0,121.5,90.9
111.550,-8.150,0,126.4,112.2,119.1,87.2
111.550,-8.050,0,68.6,106.1,117.7,84.7
111.550,-7.950,0,153.3,100.9,117.3,83.7
111.550,-7.850,0,239.5,96.7,118.0,84.2
111.550,-7.750,1,0.0,93.7,119.7,86.1
111.550,-7.650,5,30.7,91.8,122.4,89.3
111.550,-7.550,0,30.7,91.4,126.0,93.8
111.550,-7.450,0,68.6,92.2,130.5,99.3
111.550,-7.350,1,738.5,94.4,132.6,105.7
111.550,-7.250,0,178.8,97.8,132.4,112.8
111.550,-7.150,0,153.3,102.3,133.0,120.6
111.550,-7.050,0,678.8,107.8,134.6,128.8
111.550,-6.950,0,247.2,114.1,137.1,137.5
111.650,-8.750,0,45264.8,154.4,137.6,116.6
111.650,-8.650,0,34197.4,145.0,130.8,108.1
111.650,-8.550,0,23161.9,135.9,124.6,100.1
111.650,-8.450,0,12103.9,127.1,119.2,92.8
111.650,-8.350,0,1276.1,118.7,114.6,86.4
111.650,-8.250,0,548.5,110.7,110.9,80.9
111.650,-8.150,0,92.0,103.4,108.3,76.7
111.650,-8.050,0,126.4,96.8,106.7,73.9
111.650,-7.950,0,61.3,91.1,106.3,72.7
111.650,-7.850,0,68.6,86.4,107.0,73.2
111.650,-7.750,1,768.4,82.9,108.9,75.4
111.650,-7.650,0,2407.6,80.9,111.9,79.1
111.650,-7.550,0,30.7,80.3,115.8,84.1
111.650,-7.450,0,290.9,81.3,120.7,90.2
111.650,-7.350,0,92.0,83.8,121.6,97.2
111.650,-7.250,0,92.0,87.6,121.4,104.9
111.650,-7.150,0,214.6,92.6,122.1,113.2
111.650,-7.050,0,247.2,98.6,123.8,121.9
111.650,-6.950,1,613.3,105.5,126.5,131.0
111.750,-8.750,0,46743.3,148.9,129.3,110.0
111.750,-8.650,0,36102.0,139.2,122.0,101.0
111.750,-8.550,0,25382.8,129.7,115.4,92.5
111.750,-8.450,0,14607.1,120.4,109.5,84.5
111.750,-8.350,0,3665.8,111.5,104.5,77.3
111.750,-8.250,1,1748.1,103.0,100.4,71.2
111.750,-8.150,0,61.3,95.1,97.5,66.3
111.750,-8.050,3,499.2,87.9,95.7,63.1
111.750,-7.950,2,30.7,81.5,95.3,61.7
111.750,-7.850,0,2741.5,76.2,96.1,62.3
111.750,-7.750,0,417.1,72.3,98.2,64.9
111.750,-7.650,0,746.7,70.0,101.5,69.1
111.750,-7.550,0,417.1,69.3,105.8,74.8
111.750,-7.450,0,1183.6,70.5,111.1,81.6
111.750,-7.350,0,542.5,73.3,110.6,89.3
111.750,-7.250,0,214.6,77.6,110.3,97.6
111.750,-7.150,0,122.7,83.2,111.1,106.5
111.750,-7.050,0,92.0,89.9,113.0,115.7
111.750,-6.950,0,0.0,97.3,115.9,125.2
111.850,-8.750,0,48735.3,144.2,121.4,104.3
111.850,-8.650,0,37993.5,134.1,113.6,94.7
111.850,-8.550,0,27459.7,124.1,106.5,85.5
111.850,-8.450,0,17587.7,114.4,100.1,76.9
111.850,-8.350,0,9300.2,105.0,94.5,68.9
111.850,-8.250,0,1322.8,96.0,90.0,61.9
111.850,-8.150,0,247.2,87.4,86.7,56.2
111.850,-8.050,0,233.5,79.5,84.8,52.4
111.850,-7.950,0,110.6,72.4,84.3,50.7
111.850,-7.850,1,1130.8,66.4,85.2,51.4
111.850,-7.750,0,247.2,61.8,87.5,54.5
111.850,-7.650,3,43.4,59.1,91.2,59.5
111.850,-7.550,0,137.1,58.3,96.0,66.0
111.850,-7.450,0,1303.8,59.7,101.2,73.6
111.850,-7.350,0,781.8,63.0,99.7,82.0
111.850,-7.250,3,178.8,68.0,99.3,91.0
111.850,-7.150,2,216.8,74.3,100.2,100.5
111.850,-7.050,0,373.0,81.7,102.3,110.2
111.850,-6.950,0,480.0,89.8,105.5,118.3
111.950,-8.750,0,49143.0,140.1,114.0,99.4
111.950,-8.650,0,38303.1,129.7,105.8,89.3
111.950,-8.550,0,27674.8,119.4,98.0,79.5
111.950,-8.450,0,17225.4,109.3,91.0,70.1
111.950,-8.350,0,6864.9,99.3,84.9,61.2
111.950,-8.250,0,110.6,89.7,79.8,53.3
111.950,-8.150,5,30.7,80.5,76.1,46.6
111.950,-8.050,1,0.0,71.8,73.9,41.8
111.950,-7.950,0,92.0,63.8,73.2,39.7
111.950,-7.850,3,153.3,57.0,74.3,40.6
111.950,-7.750,0,0.0,51.6,77.0,44.4
111.950,-7.650,0,86.7,48.2,81.1,50.4
111.950,-7.550,0,68.6,47.3,86.5,58.0
111.950,-7.450,0,30.7,48.9,90.5,66.5
111.950,-7.350,0,1426.4,52.9,88.7,75.7
111.950,-7.250,0,122.7,58.8,88.3,85.4
111.950,-7.150,0,110.6,66.0,89.3,94.7
111.950,-7.050,0,0.0,74.2,91.6,102.6
111.950,-6.950,0,638.1,83.0,95.2,111.1
112.050,-8.750,0,47981.2,136.8,107.3,95.6
112.050,-8.650,0,36925.8,126.1,98.5,85.0
112.050,-8.550,0,25913.1,115.5,90.1,74.6
112.050,-8.450,0,14909.1,105.0,82.4,64.5
112.050,-8.350,0,4286.5,94.6,75.6,54.8
112.050,-8.250,1,186.5,84.4,69.9,45.7
112.050,-8.150,2,97.0,74.6,65.6,37.7
112.050,-8.050,0,30.7,65.1,63.0,31.6
112.050,-7.950,1,61.3,56.2,62.2,28.7
112.050,-7.850,4,0.0,48.2,63.5,30.0
112.050,-7.750,2,97.0,41.7,66.6,34.9
112.050,-7.650,0,68.6,37.5,71.3,42.3
112.050,-7.550,0,30.7,36.3,77.4,51.0
112.050,-7.450,0,1231.5,38.4,79.7,60.6
112.050,-7.350,0,342.8,43.4,77.7,70.6
112.050,-7.250,1,781.8,50.3,77.2,79.0
112.050,-7.150,0,30.7,58.6,78.4,87.0
112.050,-7.050,1,0.0,67.7,81.0,95.5
112.050,-6.950,3,223.2,77.3,85.0,104.6
112.150,-8.750,0,47070.4,134.3,101.3,92.9
112.150,-8.650,0,36210.5,123.4,91.9,82.0
112.150,-8.550,0,25297.8,112.5,82.9,71.2
112.150,-8.450,0,14228.1,101.7,74.5,60.4
112.150,-8.350,0,3189.2,91.0,66.8,49.9
112.150,-8.250,0,30.7,80.3,60.3,39.7
112.150,-8.150,5,30.7,69.9,55.2,30.1
112.150,-8.050,2,30.7,59.6,52.1,22.1
112.150,-7.950,1,337.3,49.8,51.2,17.8
112.150,-7.850,0,126.4,40.6,52.7,19.7
112.150,-7.750,9,193.9,32.6,56.4,26.7
112.150,-7.650,1,43.4,27.0,61.9,35.8
112.150,-7.550,0,247.2,25.3,68.8,45.8
112.150,-7.450,0,499.2,28.2,69.1,56.2
112.150,-7.350,0,92.0,34.7,66.8,63.4
112.150,-7.250,0,274.3,43.1,66.2,71.3
112.150,-7.150,0,274.3,52.5,67.5,80.0
112.150,-7.050,0,282.7,62.5,70.6,89.3
112.150,-6.950,2,216.8,72.8,75.2,98.9
112.250,-8.750,0,44736.2,132.6,96.3,91.4
112.250,-8.650,0,35098.5,121.6,86.3,80.3
112.250,-8.550,0,24439.4,110.6,76.6,69.3
112.250,-8.450,0,13369.7,99.5,67.4,58.2
112.250,-8.350,0,2331.3,88.6,58.8,47.2
112.250,-8.250,0,357.6,77.6,51.3,36.2
112.250,-8.150,0,30.7,66.7,45.2,25.3
112.250,-8.050,7,30.7,55.9,41.3,14.9
112.250,-7.950,2,1390.4,45.2,40.2,7.0
112.250,-7.850,0,748.6,34.8,42.1,11.1
112.250,-7.750,5,337.3,25.1,46.7,21.1
112.250,-7.650,2,30.7,17.1,53.2,31.8
112.250,-7.550,3,110.6,14.3,61.1,41.3
112.250,-7.450,1,92.0,19.0,58.7,47.8
112.250,-7.350,0,1019.3,27.7,55.9,55.7
112.250,-7.250,3,1202.6,37.7,55.2,64.6
112.250,-7.150,0,165.1,48.2,56.7,74.1
112.250,-7.050,0,542.5,58.9,60.3,84.0
112.250,-6.950,0,1318.5,69.7,65.6,94.1
112.350,-8.750,0,41177.8,131.9,92.2,91.3
112.350,-8.650,0,30452.9,120.8,81.7,80.2
112.350,-8.550,0,20030.9,109.7,71.5,69.1
112.350,-8.450,0,10954.5,98.6,61.5,58.0
112.350,-8.350,0,1889.2,87.5,52.0,46.9
112.350,-8.250,0,247.2,76.4,43.2,35.9
112.350,-8.150,0,92.0,65.2,35.8,24.9
112.350,-8.050,0,0.0,54.1,30.7,14.1
112.350,-7.950,0,989.8,43.0,29.2,4.9
112.350,-7.850,3,1192.7,32.0,31.8,9.9
112.350,-7.750,0,153.3,20.9,37.6,20.5
112.350,-7.650,1,766.6,10.1,45.5,26.6
112.350,-7.550,36,274.3,3.5,54.0,32.2
112.350,-7.450,2,184.0,13.1,48.4,40.1
112.350,-7.350,0,411.4,24.0,45.0,49.3
112.350,-7.250,0,178.8,35.0,44.2,59.2
112.350,-7.150,0,126.4,46.1,46.1,69.4
112.350,-7.050,0,446.5,57.2,50.5,79.9
112.350,-6.950,0,122.7,68.3,56.7,90.5
112.450,-8.750,0,39513.1,132.1,89.3,88.3
112.450,-8.650,0,28867.9,121.0,78.5,79.6
112.450,-8.550,0,18213.0,109.9,67.7,70.6
112.450,-8.450,0,7644.6,98.8,57.1,59.8
112.450,-8.350,0,156.4,87.8,46.7,49.2
112.450,-8.250,0,153.3,76.7,36.7,38.8
112.450,-8.150,0,68.6,65.6,27.6,28.9
112.450,-8.050,0,110.6,54.6,20.6,20.4
112.450,-7.950,2,3472.1,43.6,18.2,15.6
112.450,-7.850,3,417.1,32.8,22.1,17.8
112.450,-7.750,0,6182.2,22.1,29.9,14.1
112.450,-7.650,2,409.1,12.4,39.3,16.7
112.450,-7.550,8,30.7,8.0,45.4,24.6
112.450,-7.450,4,43.4,14.9,38.7,34.3
112.450,-7.350,0,122.7,25.0,34.3,44.7
112.450,-7.250,0,122.7,35.8,33.2,55.4
112.450,-7.150,1,658.4,46.7,35.7,66.2
112.450,-7.050,0,491.6,57.7,41.2,77.1
112.450,-6.950,0,247.2,68.7,48.6,88.1
112.550,-8.750,0,35286.5,133.2,87.8,82.3
112.550,-8.650,0,25054.1,122.2,76.7,72.8
112.550,-8.550,0,15043.6,111.3,65.6,64.0
112.550,-8.450,0,5212.8,100.3,54.6,55.9
112.550,-8.350,0,30.7,89.4,43.6,49.0
112.550,-8.250,0,30.7,78.6,32.7,43.9
112.550,-8.150,0,247.2,67.8,22.0,36.0
112.550,-8.050,1,43.4,57.2,12.0,29.6
112.550,-7.950,8,153.3,46.9,7.3,24.4
112.550,-7.850,4,460.0,37.0,14.5,13.5
112.550,-7.750,3,1639.3,28.0,24.8,3.6
112.550,-7.650,7,153.3,21.2,35.6,9.6
112.550,-7.550,2,196.3,18.9,38.2,20.5
112.550,-7.450,1,30.7,22.7,29.8,31.5
112.550,-7.350,0,312.7,30.4,23.8,42.6
112.550,-7.250,0,173.5,39.7,22.2,53.7
112.550,-7.150,0,868.4,49.7,25.8,64.8
112.550,-7.050,0,30.7,60.2,32.9,75.9
112.550,-6.950,0,110.6,70.8,41.9,87.0
112.650,-8.750,0,33516.2,135.2,87.6,77.4
112.650,-8.650,0,22446.7,124.4,76.5,67.3
112.650,-8.550,0,11376.9,113.6,65.4,57.5
112.650,-8.450,0,349.6,103.0,54.3,48.4
112.650,-8.350,0,68.6,92.4,43.2,40.3
112.650,-8.250,0,802.5,81.9,32.1,33.8
112.650,-8.150,0,30.7,71.7,21.1,30.3
112.650,-8.050,0,302.0,61.8,10.4,30.6
112.650,-7.950,24,30.7,52.3,4.1,25.5
112.650,-7.850,5,43.4,43.6,13.2,15.4
112.650,-7.750,0,156.4,36.4,24.0,8.3
112.650,-7.650,49,0.0,31.4,35.1,12.2
112.650,-7.550,9,153.3,29.9,33.0,21.8
112.650,-7.450,0,30.7,32.5,22.9,32.4
112.650,-7.350,1,130.1,38.2,14.2,43.2
112.650,-7.250,1,0.0,46.0,11.3,54.2
112.650,-7.150,3,97.0,54.9,17.3,65.2
112.650,-7.050,0,92.0,64.5,26.8,76.3
112.650,-6.950,0,7906.9,74.5,37.3,87.3
112.750,-8.750,0,35156.3,138.1,88.7,73.9
112.750,-8.650,0,24810.0,127.5,77.8,63.2
112.750,-8.550,0,14791.3,117.0,66.9,52.7
112.750,-8.450,0,4618.0,106.7,56.1,42.5
112.750,-8.350,0,205.7,96.5,45.5,32.9
112.750,-8.250,0,196.3,86.6,35.2,24.7
112.750,-8.150,1,30.7,76.9,25.5,19.5
112.750,-8.050,5,30.7,67.8,17.7,20.0
112.750,-7.950,0,0.0,59.3,14.9,22.0
112.750,-7.850,0,781.8,51.8,19.5,23.1
112.750,-7.750,0,97.0,45.8,28.0,19.2
112.750,-7.650,0,126.4,42.0,37.9,21.1
112.750,-7.550,4,216.8,40.9,31.1,27.8
112.750,-7.450,3,330.3,42.8,20.0,36.7
112.750,-7.350,9,30.7,47.3,8.9,46.6
112.750,-7.250,15,0.0,53.8,2.2,56.9
112.750,-7.150,1,61.3,61.6,13.3,67.5
112.750,-7.050,0,0.0,70.3,24.5,78.2
112.750,-6.950,0,5541.2,79.6,35.6,89.0
112.850,-8.750,0,39352.7,141.7,91.2,71.8
112.850,-8.650,0,29258.8,131.4,80.6,60.8
112.850,-8.550,0,19259.3,121.3,70.2,49.8
112.850,-8.450,0,8195.5,111.4,60.0,38.8
112.850,-8.350,0,110.6,101.7,50.2,28.1
112.850,-8.250,1,110.6,92.3,41.1,17.7
112.850,-8.150,1,126.4,83.3,33.2,9.2
112.850,-8.050,0,3135.1,74.9,27.6,10.2
112.850,-7.950,0,2698.6,67.4,25.9,11.0
112.850,-7.850,1,165.1,60.9,28.8,15.0
112.850,-7.750,0,153.3,55.9,35.1,24.0
112.850,-7.650,0,61.3,52.8,43.4,31.4
112.850,-7.550,0,585.8,52.0,33.0,36.3
112.850,-7.450,0,4370.3,53.5,22.9,43.5
112.850,-7.350,0,3474.8,57.1,14.2,52.1
112.850,-7.250,2,4191.5,62.6,11.3,61.5
112.850,-7.150,0,426.0,69.4,17.3,71.4
112.850,-7.050,0,427.1,77.2,26.8,81.6
112.850,-6.950,0,0.0,85.8,37.3,92.0
112.950,-8.750,0,41210.1,146.1,94.9,71.5
112.950,-8.650,0,30287.8,136.2,84.8,60.3
112.950,-8.550,0,19493.3,126.4,74.9,49.2
112.950,-8.450,0,9390.3,116.9,65.5,38.2
112.950,-8.350,0,186.5,107.7,56.6,27.1
112.950,-8.250,1,426.0,98.9,48.7,16.1
112.950,-8.150,0,4080.1,90.6,42.3,5.6
112.950,-8.050,0,2556.9,83.0,38.1,7.1
112.950,-7.950,2,2944.4,76.2,36.9,0.9
112.950,-7.850,0,1116.2,70.5,39.0,10.2
112.950,-7.750,0,184.0,66.3,43.9,21.3
112.950,-7.650,1,92.0,63.7,47.7,32.5
112.950,-7.550,0,9174.8,63.0,38.2,43.6
112.950,-7.450,0,14205.3,64.2,29.8,51.7
112.950,-7.350,0,14034.8,67.3,23.8,59.1
112.950,-7.250,0,6188.4,72.0,22.2,67.6
112.950,-7.150,0,0.0,78.0,25.8,76.7
112.950,-7.050,0,110.6,85.1,32.9,86.3
112.950,-6.950,0,0.0,92.9,41.9,96.2
113.050,-8.750,0,44038.9,151.2,99.7,72.8
113.050,-8.650,0,33741.2,141.6,90.1,61.9
113.050,-8.550,0,23630.5,132.2,80.9,51.1
113.050,-8.450,0,14947.1,123.2,72.3,40.6
113.050,-8.350,0,5431.0,114.5,64.4,30.4
113.050,-8.250,0,426.0,106.2,57.5,21.2
113.050,-8.150,1,0.0,98.6,52.2,14.8
113.050,-8.050,1,479.0,91.6,48.9,15.5
113.050,-7.950,0,173.5,85.5,47.9,11.0
113.050,-7.850,0,156.4,80.5,49.5,15.0
113.050,-7.750,0,0.0,76.8,53.5,24.0
113.050,-7.650,0,781.8,74.6,53.7,34.3
113.050,-7.550,0,10784.8,74.0,45.4,45.0
113.050,-7.450,0,21679.6,75.1,38.7,55.8
113.050,-7.350,0,14270.5,77.7,34.3,66.7
113.050,-7.250,0,3646.8,81.8,33.2,74.8
113.050,-7.150,0,390.3,87.2,35.7,83.1
113.050,-7.050,0,0.0,93.5,41.2,92.0
113.050,-6.950,0,0.0,100.7,48.6,101.4
113.150,-8.750,0,47039.0,156.8,105.4,75.7
113.150,-8.650,0,38294.1,147.6,96.4,65.3
113.150,-8.550,0,29007.1,138.7,87.9,55.2
113.150,-8.450,0,18098.3,130.1,80.0,45.6
113.150,-8.350,0,7074.2,121.9,72.9,36.8
113.150,-8.250,0,137.1,114.2,67.0,29.6
113.150,-8.150,0,480.0,107.1,62.5,25.5
113.150,-8.050,0,30.7,100.7,59.7,22.6
113.150,-7.950,0,86.7,95.2,58.9,21.4
113.150,-7.850,0,178.8,90.7,60.3,24.3
113.150,-7.750,0,43.4,87.5,63.5,30.7
113.150,-7.650,0,8610.2,85.5,61.1,39.2
113.150,-7.550,0,16179.5,85.0,54.0,48.8
113.150,-7.450,0,16548.9,86.0,48.4,59.0
113.150,-7.350,0,7316.4,88.3,45.0,69.4
113.150,-7.250,0,2883.9,91.9,44.2,80.0
113.150,-7.150,0,1272.1,96.7,46.1,90.4
113.150,-7.050,0,30.7,102.5,50.5,98.7
113.150,-6.950,0,110.6,109.1,56.7,107.5
113.250,-8.750,0,41985.5,163.1,111.9,80.0
113.250,-8.650,0,31883.3,154.2,103.5,70.2
113.250,-8.550,0,22702.1,145.7,95.6,61.0
113.250,-8.450,0,16077.9,137.5,88.4,52.4
113.250,-8.350,0,6821.6,129.8,82.1,42.5
113.250,-8.250,0,282.7,122.6,76.8,31.8
113.250,-8.150,0,30.7,116.0,72.9,21.5
113.250,-8.050,0,122.7,110.1,70.6,12.8
113.250,-7.950,0,178.8,105.2,69.9,10.6
113.250,-7.850,0,43.4,101.1,71.1,17.6
113.250,-7.750,0,282.7,98.2,73.9,27.4
113.250,-7.650,0,3400.2,96.5,69.5,38.0
113.250,-7.550,0,14451.0,96.0,63.3,48.8
113.250,-7.450,0,15566.9,96.9,58.7,59.7
113.250,-7.350,0,5350.7,99.0,55.9,70.7
113.250,-7.250,0,3639.2,102.2,55.2,81.7
113.250,-7.150,1,61.3,106.5,56.7,92.7
113.250,-7.050,1,30.7,111.8,60.3,103.8
113.250,-6.950,0,276.0,117.9,65.6,114.3
113.350,-8.750,0,39436.9,169.8,119.1,85.5
113.350,-8.650,0,28443.3,161.3,111.2,74.6
113.350,-8.550,0,17545.7,153.2,103.9,63.5
113.350,-8.450,0,7203.9,145.4,97.3,52.4
113.350,-8.350,0,892.9,138.1,91.6,41.3
113.350,-8.250,0,193.9,131.4,87.0,30.1
113.350,-8.150,0,398.6,125.3,83.5,19.0
113.350,-8.050,0,97.0,119.9,81.5,7.9
113.350,-7.950,0,735.9,115.3,81.0,3.3
113.350,-7.850,0,153.3,111.6,81.9,14.4
113.350,-7.750,0,1469.6,109.0,84.4,25.5
113.350,-7.650,0,10588.9,107.5,78.5,36.6
113.350,-7.550,0,17848.5,107.1,73.1,47.7
113.350,-7.450,0,20905.2,107.8,69.1,58.8
113.350,-7.350,0,14237.5,109.7,66.8,69.9
113.350,-7.250,0,3666.5,112.6,66.2,81.1
113.350,-7.150,1,193.9,116.6,67.5,92.2
113.350,-7.050,0,30.7,121.4,70.6,103.3
113.350,-6.950,0,92.0,127.0,75.2,114.4
113.450,-8.750,0,37377.6,176.9,126.8,86.6
113.450,-8.650,0,27558.8,168.8,119.5,75.6
113.450,-8.550,0,18094.5,161.0,112.7,64.6
113.450,-8.450,0,7928.6,153.7,106.6,53.7
113.450,-8.350,0,86.7,146.8,101.5,42.9
113.450,-8.250,1,110.6,140.5,97.3,32.4
113.450,-8.150,0,30.7,134.8,94.2,22.4
113.450,-8.050,0,1324.2,129.8,92.4,14.3
113.450,-7.950,1,61.3,125.6,92.0,12.3
113.450,-7.850,0,276.0,122.2,92.8,18.6
113.450,-7.750,1,126.4,119.8,93.8,28.1
113.450,-7.650,0,6695.7,118.5,88.0,38.5
113.450,-7.550,0,16973.4,118.1,83.2,49.2
113.450,-7.450,0,24151.9,118.8,79.7,60.0
113.450,-7.350,0,13338.8,120.5,77.7,70.9
113.450,-7.250,0,2300.0,123.2,77.2,81.9
113.450,-7.150,1,92.0,126.8,78.4,92.9
113.450,-7.050,0,156.4,131.2,81.0,104.0
113.450,-6.950,0,61.3,136.5,85.0,115.0
113.550,-8.750,0,34570.5,184.4,135.0,88.1
113.550,-8.650,0,23597.4,176.7,128.1,78.0
113.550,-8.550,0,12782.8,169.3,121.8,67.5
113.550,-8.450,0,3052.2,162.3,116.3,57.2
113.550,-8.350,0,30.7,155.8,111.5,47.2
113.550,-8.250,0,173.5,149.9,107.8,37.8
113.550,-8.150,0,614.0,144.5,105.0,29.8
113.550,-8.050,0,4949.1,139.9,103.4,24.2
113.550,-7.950,1,5396.8,136.0,103.0,23.1
113.550,-7.850,0,2308.8,132.9,103.7,27.0
113.550,-7.750,0,312.7,130.7,103.1,34.3
113.550,-7.650,0,6517.0,129.4,97.8,43.2
113.550,-7.550,0,17215.4,129.1,93.5,52.9
113.550,-7.450,0,22961.0,129.7,90.5,63.1
113.550,-7.350,0,12070.4,131.3,88.7,73.6
113.550,-7.250,0,1843.9,133.8,88.3,84.2
113.550,-7.150,0,0.0,137.1,89.3,95.0
113.550,-7.050,0,61.3,141.2,91.6,105.8
113.550,-6.950,0,92.0,146.1,95.2,116.7
113.650,-8.750,0,30447.5,192.3,143.6,81.8
113.650,-8.650,0,19844.8,184.8,137.1,72.6
113.650,-8.550,0,10163.1,177.8,131.3,64.0
113.650,-8.450,0,1538.1,171.2,126.1,56.3
113.650,-8.350,0,830.2,165.0,121.8,49.9
113.650,-8.250,0,0.0,159.4,118.3,45.3
113.650,-8.150,0,216.8,154.4,115.8,38.9
113.650,-8.050,1,2719.4,150.1,114.4,34.8
113.650,-7.950,0,6880.2,146.5,114.0,34.1
113.650,-7.850,0,1889.5,143.6,114.7,36.8
113.650,-7.750,0,153.3,141.6,112.7,42.4
113.650,-7.650,0,8307.2,140.4,107.9,49.9
113.650,-7.550,0,19025.0,140.1,104.0,58.5
113.650,-7.450,0,26311.8,140.7,101.2,67.9
113.650,-7.350,0,16894.0,142.2,99.7,77.7
113.650,-7.250,0,10734.7,144.5,99.3,87.9
113.650,-7.150,0,2858.3,147.5,100.2,98.2
113.650,-7.050,0,30.7,151.4,102.3,108.7
113.650,-6.950,0,68.6,156.0,105.5,119.4
113.750,-8.750,0,26007.5,200.4,152.5,76.6
113.750,-8.650,0,18140.4,193.3,146.4,66.6
113.750,-8.550,0,8348.9,186.6,140.9,57.1
113.750,-8.450,0,349.6,180.3,136.1,48.4
113.750,-8.350,0,0.0,174.5,132.1,40.7
113.750,-8.250,0,43.4,169.2,128.9,35.0
113.750,-8.150,0,245.3,164.5,126.7,32.3
113.750,-8.050,1,290.9,160.4,125.3,33.2
113.750,-7.950,0,1426.8,157.1,125.0,37.6
113.750,-7.850,0,30.7,154.4,125.6,44.4
113.750,-7.750,0,186.5,152.5,122.5,51.7
113.750,-7.650,0,7854.1,151.4,118.1,58.0
113.750,-7.550,0,17746.6,151.2,114.6,65.5
113.750,-7.450,0,24406.9,151.7,112.1,74.0
113.750,-7.350,0,13643.3,153.0,110.6,83.1
113.750,-7.250,0,3491.9,155.2,110.3,92.7
113.750,-7.150,0,3417.5,158.1,111.1,102.6
113.750,-7.050,0,0.0,161.7,113.0,112.7
113.750,-6.950,0,302.0,165.9,115.9,122.9
113.850,-8.750,0,21571.0,208.8,145.6,72.6
113.850,-8.650,0,10893.1,202.0,146.4,62.1
113.850,-8.550,0,3582.9,195.6,148.1,51.8
113.850,-8.450,0,9321.2,189.6,146.3,41.9
113.850,-8.350,0,842.0,184.1,142.6,32.7
113.850,-8.250,0,728.9,179.1,139.6,25.3
113.850,-8.150,0,30.7,174.7,137.5,21.3
113.850,-8.050,0,30.7,170.8,136.3,22.7
113.850,-7.950,1,30.7,167.7,136.0,28.7
113.850,-7.850,0,223.2,165.2,136.6,37.2
113.850,-7.750,0,221.1,163.4,132.5,46.8
113.850,-7.650,0,3833.1,162.4,128.4,56.9
113.850,-7.550,0,14707.7,162.2,125.2,67.3
113.850,-7.450,0,24841.2,162.7,122.9,78.0
113.850,-7.350,0,14331.1,163.9,121.6,88.7
113.850,-7.250,0,5287.3,165.9,121.4,98.5
113.850,-7.150,0,1921.1,168.6,122.1,107.9
113.850,-7.050,0,137.1,172.0,123.8,117.5
113.850,-6.950,0,137.1,176.1,126.5,127.4
113.950,-8.750,0,16677.1,217.5,134.6,70.2
113.950,-8.650,0,8233.1,211.0,135.5,59.2
113.950,-8.550,0,490.6,204.8,137.3,48.3
113.950,-8.450,0,1959.1,199.1,139.9,37.5
113.950,-8.350,0,86.7,193.9,143.4,27.0
113.950,-8.250,0,1625.5,189.1,147.6,17.2
113.950,-8.150,0,2098.2,184.9,148.4,10.5
113.950,-8.050,0,715.9,181.3,147.3,13.1
113.950,-7.950,0,86.7,178.4,147.0,21.9
113.950,-7.850,0,43.4,176.0,147.2,32.2
113.950,-7.750,0,882.9,174.4,142.7,42.9
113.950,-7.650,0,2192.6,173.4,138.9,53.8
113.950,-7.550,0,10593.2,173.2,135.9,64.7
113.950,-7.450,0,20248.4,173.7,133.8,74.9
113.950,-7.350,0,15913.1,174.9,132.6,85.0
113.950,-7.250,0,4995.9,176.7,132.4,95.4
113.950,-7.150,0,3795.0,179.3,133.0,106.0
113.950,-7.050,0,308.2,182.5,134.6,116.6
113.950,-6.950,0,216.8,186.3,137.1,127.3
114.050,-8.750,0,12511.4,226.3,123.6,69.5
114.050,-8.650,0,1441.5,220.1,124.6,58.4
114.050,-8.550,0,282.7,214.2,126.5,47.3
114.050,-8.450,0,30.7,208.7,129.4,36.1
114.050,-8.350,0,0.0,203.7,133.1,25.0
114.050,-8.250,0,30.7,199.2,137.7,13.9
114.050,-8.150,0,8834.6,195.3,142.9,2.9
114.050,-8.050,0,3761.7,191.9,148.8,8.4
114.050,-7.950,0,178.8,189.1,155.3,19.5
114.050,-7.850,0,312.7,186.9,157.1,30.6
114.050,-7.750,0,61.3,185.3,152.9,40.3
114.050,-7.650,0,68.6,184.4,149.4,50.1
114.050,-7.550,0,6397.3,184.2,146.7,60.3
114.050,-7.450,0,17439.7,184.7,144.8,70.8
114.050,-7.350,0,20210.8,185.8,143.7,81.5
114.050,-7.250,0,13296.4,187.6,143.4,92.3
114.050,-7.150,0,4153.3,190.0,144.0,103.2
114.050,-7.050,0,2734.8,193.0,145.5,114.1
114.050,-6.950,0,178.8,196.6,147.8,125.0
114.150,-8.750,0,15254.9,235.4,112.6,70.5
114.150,-8.650,0,4664.5,229.3,113.7,59.6
114.150,-8.550,0,809.5,223.7,115.8,48.7
114.150,-8.450,1,315.7,218.5,118.9,38.0
114.150,-8.350,2,92.0,213.7,123.0,27.7
114.150,-8.250,0,370.5,209.5,127.9,18.3
114.150,-8.150,0,3160.8,205.7,133.5,12.2
114.150,-8.050,0,1522.7,202.5,139.8,10.2
114.150,-7.950,0,850.3,199.8,146.7,15.7
114.150,-7.850,0,818.2,197.7,154.1,25.3
114.150,-7.750,0,0.0,196.3,161.9,35.7
114.150,-7.650,0,7037.5,195.4,160.0,46.5
114.150,-7.550,0,13024.5,195.2,157.5,57.4
114.150,-7.450,0,21059.5,195.7,155.7,68.4
114.150,-7.350,0,27749.9,196.7,154.7,79.4
114.150,-7.250,0,18158.7,198.4,154.4,90.4
114.150,-7.150,0,10479.5,200.7,155.0,101.5
114.150,-7.050,0,5643.8,203.5,156.4,112.5
114.150,-6.950,0,3104.3,207.0,158.5,123.6
114.250,-8.750,0,11349.1,244.6,101.7,73.2
114.250,-8.650,0,5335.6,238.8,102.8,62.7
114.250,-8.550,0,30.7,233.4,105.2,52.5
114.250,-8.450,0,0.0,228.4,108.6,42.8
114.250,-8.350,0,205.7,223.8,113.0,32.5
114.250,-8.250,0,30.7,219.8,118.3,21.4
114.250,-8.150,0,663.4,216.2,124.4,10.3
114.250,-8.050,0,3863.4,213.1,131.1,1.3
114.250,-7.950,0,5703.8,210.6,138.4,12.0
114.250,-7.850,0,2130.0,208.6,146.2,23.1
114.250,-7.750,0,476.0,207.2,154.4,34.3
114.250,-7.650,0,6715.7,206.5,162.9,45.4
114.250,-7.550,0,17785.7,206.3,168.3,56.5
114.250,-7.450,0,28641.5,206.7,166.6,67.6
114.250,-7.350,0,21614.0,207.7,165.7,78.7
114.250,-7.250,0,12229.7,209.3,165.5,89.8
114.250,-7.150,0,4744.9,211.4,166.0,101.0
114.250,-7.050,0,4381.8,214.1,167.3,112.1
114.250,-6.950,0,7545.3,217.4,169.3,123.2
114.350,-8.750,0,2151.9,253.9,90.7,77.3
114.350,-8.650,0,715.2,248.3,92.0,66.9
114.350,-8.550,0,30.7,243.1,94.6,56.0
114.350,-8.450,1,97.0,238.4,98.4,45.2
114.350,-8.350,0,156.4,234.0,103.2,34.6
114.350,-8.250,4,0.0,230.1,109.0,24.4
114.350,-8.150,0,68.6,226.7,115.6,15.7
114.350,-8.050,0,700.6,223.8,122.8,11.9
114.350,-7.950,0,178.8,221.4,130.6,16.9
114.350,-7.850,0,3332.6,219.5,138.8,26.0
114.350,-7.750,0,786.0,218.2,147.4,36.3
114.350,-7.650,0,11789.6,217.5,156.3,46.9
114.350,-7.550,0,20935.8,217.3,165.5,57.7
114.350,-7.450,0,30168.4,217.7,174.9,68.6
114.350,-7.350,0,19132.0,218.6,176.7,79.6
114.350,-7.250,0,8132.0,220.1,176.5,90.6
114.350,-7.150,0,165.1,222.2,177.0,101.7
114.350,-7.050,0,1561.1,224.8,178.2,112.7
114.350,-6.950,0,11848.3,227.9,180.1,123.8
114.450,-8.750,0,9181.6,263.4,79.7,80.3
114.450,-8.650,0,8882.2,258.0,81.2,69.7
114.450,-8.550,0,7910.1,253.0,84.1,59.3
114.450,-8.450,0,9910.1,248.4,88.4,49.2
114.450,-8.350,0,8136.3,244.3,93.7,39.7
114.450,-8.250,0,2040.0,240.5,100.1,31.3
114.450,-8.150,2,308.2,237.3,107.2,25.1
114.450,-8.050,1,2182.3,234.5,114.9,22.9
114.450,-7.950,0,2937.6,232.2,123.2,25.9
114.450,-7.850,0,262.0,230.4,131.9,32.6
114.450,-7.750,0,5102.8,229.2,140.9,41.2
114.450,-7.650,0,14337.8,228.5,150.2,50.8
114.450,-7.550,0,24354.5,228.3,159.7,61.0
114.450,-7.450,0,30850.0,228.7,169.5,71.4
114.450,-7.350,0,20266.9,229.6,179.4,82.0
114.450,-7.250,0,10468.5,231.0,187.5,92.7
114.450,-7.150,0,3057.9,233.0,188.0,103.5
114.450,-7.050,0,7231.8,235.5,189.1,114.4
114.450,-6.950,0,6229.3,238.4,190.9,125.3
114.550,-8.750,0,19665.4,273.0,68.8,84.1
114.550,-8.650,0,19569.7,267.8,70.5,74.0
114.550,-8.550,0,17016.9,263.0,73.8,64.4
114.550,-8.450,0,6786.7,258.6,78.6,55.2
114.550,-8.350,0,302.0,254.6,84.6,46.9
114.550,-8.250,0,263.8,251.0,91.5,40.1
114.550,-8.150,1,153.3,247.9,99.3,35.4
114.550,-8.050,0,8082.7,245.2,107.6,33.9
114.550,-7.950,0,13913.6,243.0,116.4,36.0
114.550,-7.850,0,9898.9,241.4,125.5,41.1
114.550,-7.750,0,13906.8,240.2,135.0,48.2
114.550,-7.650,0,20498.5,239.5,144.7,56.7
114.550,-7.550,0,29366.6,239.3,154.5,65.9
114.550,-7.450,0,31839.9,239.7,164.6,75.6
114.550,-7.350,0,20828.7,240.6,174.7,85.7
114.550,-7.250,0,9948.7,241.9,185.0,96.0
114.550,-7.150,0,1076.7,243.8,195.4,106.5
114.550,-7.050,0,8780.8,246.2,200.1,117.1
114.550,-6.950,0,7681.0,249.0,201.8,127.8
