citekey,title,year,authors,subfield,relation,chronology_claim,method,quality,volcarch_use,note_type,file_path
jia_etal_2024,"Analysis of two glass eye (Jatim) beads unearthed from the Northern Wei tomb complex in Dongxin, Datong",2024,"Jia, Cui, Cao",01 Glass bead archaeometry,supports-CATHEDRAL,398-494 CE (Jatim bead deposition in China),"archaeometric (SEM-EDS, 3D microscopy, Corning)",Q1 Heritage Science (Nature),P0 §3.6 CATHEDRAL anchor; P1-core §2 framing; research statement v4.4 bridge,paper_note,01_glass_bead_archaeometry/jia_etal_2024_datong_jatim_beads.md
jia_etal_2025,"Northern Wei blue — Localized production of sodium calcium glass in Northern China from the 4th to the 6th century AD",2025,"Jia, Duan, Cui",01 Glass bead archaeometry (methodological caveat),ambiguous-nuances,398-494 CE local Chinese v-Na-Ca vessels,"archaeometric (SEM-EDS, typology)",Q1 JASREP,P0 §3.6 methodological footnote; v-Na-Ca ≠ Java alone caveat,paper_note,01_glass_bead_archaeometry/jia_etal_2025_northern_wei_blue_vessels.md
wang_etal_2021_guishan,"Glass beads from Guishan in Iron Age Taiwan — Inter-regional bead exchange between Taiwan, Southeast Asia and beyond",2021,"Wang, Li, Iizuka, Hsieh, Jackson",01 Glass bead archaeometry,supports,mid-1st millennium CE Taiwan bead exchange,"archaeometric (SEM-EDS, EPMA, LA-ICP-MS; n=64)",Q1 JASREP,P0 §3.6 supporting reference for multi-workshop SE Asia bead circulation,paper_note,01_glass_bead_archaeometry/wang_etal_2021_guishan_iron_age_taiwan.md
wang_etal_2023,"Glass ornaments from southwestern Taiwan: new light on maritime glass exchange",2023,"Wang, Dussubieux, Iizuka, Li, Tsang",01 Glass bead archaeometry,supports-strongly,1st-8th c. CE maritime glass network,"archaeometric (LA-ICP-MS, SEM-EDS; n=146)",Q1 Heritage Science (Nature),P0 §3.6 primary support; m-Na-Al ≠ Java-specific caveat; trans-Eurasian context,paper_note,01_glass_bead_archaeometry/wang_etal_2023_taiwan_maritime_glass.md
hoppal_etal_2023,"Southeast Asia and the Mediterranean World at the Turn of the First Millennium CE",2023,"Hoppál, Bellina, Dussubieux",02 Trans-Eurasian trade,supports,late centuries BCE - first centuries CE,"synthesis + LA-ICP-MS re-analysis",Q1 Cambridge Archaeological Journal,P0 §3.6 and §4 macro-network framing,paper_note,02_trans_eurasian_trade/hoppal_bellina_dussubieux_2023_se_asia_mediterranean.md
wolters_1967,"Early Indonesian Commerce — A Study of the Origins of Srivijaya",1967,"Wolters, O. W.",03 Chinese historical texts,supports-CATHEDRAL,"132 CE Ye-tiao embassy; 3rd-7th c. CE sequence",historical-textual (Chinese dynastic histories),Canonical monograph (Cornell UP),P0 §3.3 Channel 3 cathedral; §2.2 demographic plausibility; v4.4 historiographic supporting material,paper_note,03_chinese_historical_texts/wolters_1967_early_indonesian_commerce.md
ali_2011,"The Early Inscriptions of Indonesia and the Problem of the Sanskrit Cosmopolis",2011,"Ali, Daud",10 Indianization historiography,ambiguous-compatible,4th-7th c. CE early Nusantara inscriptions,historiographic + philological,Q1 edited volume (Cambridge/ISEAS),P0 §6 positioning; engages Pollock without dismissing,paper_note,10_indianization_historiography/ali_2011_inscriptions_sanskrit_cosmopolis.md
carlhoff_etal_2021,"Genome of a middle Holocene hunter-gatherer from Wallacea",2021,"Carlhoff et al.",05 Paleogenomics,supports,7.3 kyr BP Leang Panninge aDNA,aDNA (petrous bone shotgun sequencing),Q1 Nature,P0 §3.4 Genomic channel primary anchor; karst-vs-volcanic preservation differential,subfield_primary,05_paleogenomics/_SUBFIELD_SUMMARY_paleogenomics_session18.md
maulana_etal_2024,"227 West Javanese whole genomes (1.8M novel SNVs)",2024,"Maulana et al.",05 Paleogenomics,supports,Modern WGS revealing deep population history,WGS (n=227),Q1 Frontiers in Genetics,P0 §3.4 deep-history demographic support,subfield_primary,05_paleogenomics/_SUBFIELD_SUMMARY_paleogenomics_session18.md
subfield_06_pinatubo,"Pinatubo post-1991 sedimentation as Java analogue",2001-2015,"multiple (Rodolfo et al.)",06 Volcanic taphonomy global,supports,1991-2009+ sustained lahar aggradation,"sedimentological monitoring","Q1 various (Geology; Quaternary Int.)",P1-core §2.3 external analogue; P0 §3.1 Channel 1 reinforcement,subfield_summary,06_volcanic_taphonomy_global/_SUBFIELD_SUMMARY_volcanic_taphonomy_global_session18.md
calo_2014,"The Distribution of Bronze Drums in Early Southeast Asia: Trade routes and cultural spheres",2014,"Calo, A.",07 Austronesian metallurgy,supports-CATHEDRAL,1st-2nd c. CE Pejeng local Bali/Java production,"archaeometric (lead isotope analysis)",BAR International Series monograph,P0 §3.6 archaeometric sub-channel 2 (bronze); parallel to Jia 2024,subfield_primary,07_austronesian_metallurgy/_SUBFIELD_SUMMARY_metallurgy_session18.md
bernet_kempers_1988,"The Kettledrums of Southeast Asia",1988,"Bernet Kempers, A. J.",07 Austronesian metallurgy,supports,Pejeng drums Bali/Java Bronze Age,"typological/art-historical",Canonical monograph (Modern Quaternary Research in SE Asia),P0 §3.6 bronze sub-channel foundational reference,subfield_primary,07_austronesian_metallurgy/_SUBFIELD_SUMMARY_metallurgy_session18.md
lankton_bernbaum,"Korean National Treasure 634 (Sikrichong Silla tomb Jatim bead) + 10+ Gyeongju Jatim beads",~2010s,"Lankton & Bernbaum",08 Korean/Japanese tombs,supports-CATHEDRAL,late 4th - mid 6th c. CE Silla Korean tombs,"archaeometric (LA-ICP-MS, SEM-EDS, EPMA)",Q1 peer-reviewed (academia.edu),P0 §3.6 CATHEDRAL; 10+ Jatim beads in Gyeongju; largest terminal corpus,subfield_primary,08_korean_japanese_tombs/_SUBFIELD_SUMMARY_korea_japan_session18.md
lankton_2008,"A study of mid-first millennium CE Southeast Asian specialized glass beadmaking traditions",2008,"Lankton, J. W.",01 Glass bead archaeometry,supports,mid-1st millennium CE Jatim typology,"archaeometric + typological",Q1 peer-reviewed (canonical Jatim reference),P0 §3.6 foundational Jatim typology,lead_for_followup,08_korean_japanese_tombs/_SUBFIELD_SUMMARY_korea_japan_session18.md
then_2014,"Beads and pendants from the late Harbor Temple and harbor temenos in the Red Sea port of Berenike (seasons 2010-2013)",2014,"Then",09 Berenike Red Sea,supports,4th-early 6th c. CE Berenike Harbor Temple,"archaeometric + typological",peer-reviewed (academia.edu),P0 §3.6 Berenike terminal; Thailand-Vietnam-Java beads documented,subfield_primary,09_berenike_red_sea/_SUBFIELD_SUMMARY_berenike_session18.md
sidebotham_berenike,"Berenike and the Ancient Maritime Spice Route",2011,"Sidebotham, S. E.",09 Berenike Red Sea,supports,30 BCE-early Byzantine Red Sea port activity,historical archaeology monograph,Canonical monograph (UC Press),P0 §3.6 western terminus context for Channel 6,subfield_primary,09_berenike_red_sea/_SUBFIELD_SUMMARY_berenike_session18.md
green_2018,"Indo-Pacific beads from Europe to Japan? Another fifth- to seventh-century AD global distribution",2018,"Green, Caitlin",09 Berenike Red Sea,supports,5th-7th c. CE global Indo-Pacific bead distribution,historical synthesis,synthesis blog + peer literature,P0 §3.6 macro-picture synthesis,subfield_primary,09_berenike_red_sea/_SUBFIELD_SUMMARY_berenike_session18.md
subfield_04_gap,"Indonesian archaeometry underdeveloped — methodological neglect",n/a,n/a,04 Indonesian archaeometry,supports-GAP-consistent,n/a,WebSearch scoping,GAP finding (no primary paper),P0 §8 Limitations; future E212 proposal; PhD direction,subfield_summary,04_indonesian_archaeometry/_SUBFIELD_SUMMARY_indonesian_archaeometry_session18.md
pollock_2006,"The Language of the Gods in the World of Men: Sanskrit, Culture, and Power in Premodern India",2006,"Pollock, Sheldon",10 Indianization historiography,counter-thesis (engaged),300-1300 CE Sanskrit cosmopolis,historiographic,Canonical monograph (UC Press),P0 §6 engages as primary counter-thesis; nuance via Ali 2011,lead_for_followup,counter_evidence/COUNTER_THESIS_ENGAGEMENT_2026_04_21.md
wolters_1999,"History, Culture and Region in Southeast Asian Perspectives",1999,"Wolters, O. W.",10 Indianization historiography,supports-theoretical-foundation,localization as primary process,historiographic theory,Canonical (ISEAS-Cornell),P0 §6 theoretical foundation for substrate existence,lead_for_followup,counter_evidence/COUNTER_THESIS_ENGAGEMENT_2026_04_21.md
coedes_1968,"The Indianized States of Southeast Asia",1968,"Coedès, George",10 Indianization historiography,counter-thesis-discredited,Indianization primary civilization thesis,historiographic,Canonical monograph (East-West Center),P0 §6 mentioned only as historical baseline; now minority,lead_for_followup,counter_evidence/COUNTER_THESIS_ENGAGEMENT_2026_04_21.md
ferring_1986,"Rates of fluvial sedimentation: Implications for archaeological variability",1986,"Ferring, C. R.",06 Volcanic taphonomy global (methodological),methodological-caveat,general sedimentation rate variability,geoarchaeological method,Q1 Geoarchaeology,P1-core §5.6 Limitations + §2.3 cumulative vs catastrophic,lead_for_followup,counter_evidence/COUNTER_SLR_EXECUTION_2026_04_21.md
pelliot_1916,"Ye-tiao, Sseu-tiao et Java",1916,"Pelliot, Paul",03 Chinese historical texts,supports,132 CE Ye-tiao Javanese embassy identification,philological (Middle Chinese phonology),Canonical (Journal asiatique),P0 §3.3 original philological identification underlying Wolters 1967,lead_for_followup,03_chinese_historical_texts/wolters_1967_early_indonesian_commerce.md
